customer_id,total_spent,transaction_count,avg_transaction_value,total_items_purchased,first_purchase_date,last_purchase_date,updated_at
C2542,7948.96,4,1987.24,16,2025-02-12T04:00:00.080-05:00,2025-02-12T04:00:00.080-05:00,2025-11-03T19:58:28.355-05:00
C6153,6641.1,3,2213.7,15,2025-02-12T04:04:49.080-05:00,2025-02-12T04:04:49.080-05:00,2025-11-03T19:58:28.355-05:00
C8073,6159.6,4,1539.9,20,2025-02-12T03:53:40.080-05:00,2025-02-12T03:53:40.080-05:00,2025-11-03T19:58:28.355-05:00
C7367,5954.72,4,1488.68,16,2025-02-12T04:02:24.080-05:00,2025-02-12T04:02:24.080-05:00,2025-11-03T19:58:28.355-05:00
C1020,5940.0,4,1485.0,12,2025-02-12T04:04:52.080-05:00,2025-02-12T04:04:52.080-05:00,2025-11-03T19:58:28.355-05:00
C3658,5086.26,4,1271.57,18,2025-02-12T03:55:54.080-05:00,2025-02-12T04:01:41.080-05:00,2025-11-03T19:58:28.355-05:00
C5163,4981.7,2,2490.85,10,2025-02-12T04:00:29.080-05:00,2025-02-12T04:00:29.080-05:00,2025-11-03T19:58:28.355-05:00
C1660,4976.76,3,1658.92,12,2025-02-12T04:04:59.080-05:00,2025-02-12T04:04:59.080-05:00,2025-11-03T19:58:28.355-05:00
C2552,4974.9,2,2487.45,10,2025-02-12T03:53:15.080-05:00,2025-02-12T03:53:15.080-05:00,2025-11-03T19:58:28.355-05:00
C8178,4840.8,3,1613.6,15,2025-02-12T03:59:46.080-05:00,2025-02-12T03:59:46.080-05:00,2025-11-03T19:58:28.355-05:00
C5824,4781.8,2,2390.9,10,2025-02-12T03:59:17.080-05:00,2025-02-12T03:59:17.080-05:00,2025-11-03T19:58:28.355-05:00
C1894,4730.5,2,2365.25,10,2025-02-12T03:58:52.080-05:00,2025-02-12T03:58:52.080-05:00,2025-11-03T19:58:28.355-05:00
C7565,4642.0,2,2321.0,10,2025-02-12T03:54:16.080-05:00,2025-02-12T03:54:16.080-05:00,2025-11-03T19:58:28.355-05:00
C6259,4528.6,2,2264.3,10,2025-02-12T03:52:36.080-05:00,2025-02-12T03:52:36.080-05:00,2025-11-03T19:58:28.355-05:00
C6078,4501.5,2,2250.75,10,2025-02-12T04:00:42.080-05:00,2025-02-12T04:00:42.080-05:00,2025-11-03T19:58:28.355-05:00
C6412,4431.3,2,2215.65,10,2025-02-12T03:54:21.080-05:00,2025-02-12T03:54:21.080-05:00,2025-11-03T19:58:28.355-05:00
C5073,4407.36,3,1469.12,12,2025-02-12T03:55:11.080-05:00,2025-02-12T03:55:11.080-05:00,2025-11-03T19:58:28.355-05:00
C2145,4313.64,4,1078.41,12,2025-02-12T04:00:21.080-05:00,2025-02-12T04:00:21.080-05:00,2025-11-03T19:58:28.355-05:00
C6079,4305.77,3,1435.26,13,2025-02-12T03:51:22.080-05:00,2025-02-12T03:57:42.080-05:00,2025-11-03T19:58:28.355-05:00
C8645,4219.8,2,2109.9,10,2025-02-12T03:58:05.080-05:00,2025-02-12T03:58:05.080-05:00,2025-11-03T19:58:28.355-05:00
C6993,4219.02,3,1406.34,9,2025-02-12T03:55:58.080-05:00,2025-02-12T03:55:58.080-05:00,2025-11-03T19:58:28.355-05:00
C3494,4196.4,3,1398.8,12,2025-02-12T03:58:31.080-05:00,2025-02-12T03:58:31.080-05:00,2025-11-03T19:58:28.355-05:00
C4612,4181.75,3,1393.92,15,2025-02-12T03:52:12.080-05:00,2025-02-12T04:03:55.080-05:00,2025-11-03T19:58:28.355-05:00
C7344,3995.28,2,1997.64,8,2025-02-12T04:04:54.080-05:00,2025-02-12T04:04:54.080-05:00,2025-11-03T19:58:28.355-05:00
C8299,3872.32,2,1936.16,8,2025-02-12T03:56:02.080-05:00,2025-02-12T03:56:02.080-05:00,2025-11-03T19:58:28.355-05:00
C3907,3834.5,2,1917.25,10,2025-02-12T04:01:20.080-05:00,2025-02-12T04:01:20.080-05:00,2025-11-03T19:58:28.355-05:00
C3364,3807.84,2,1903.92,8,2025-02-12T03:59:48.080-05:00,2025-02-12T03:59:48.080-05:00,2025-11-03T19:58:28.355-05:00
C4146,3771.9,2,1885.95,10,2025-02-12T03:55:19.080-05:00,2025-02-12T03:55:19.080-05:00,2025-11-03T19:58:28.355-05:00
C9334,3703.32,5,740.66,14,2025-02-12T03:57:19.080-05:00,2025-02-12T04:03:47.080-05:00,2025-11-03T19:58:28.355-05:00
C3268,3644.4,2,1822.2,8,2025-02-12T04:04:01.080-05:00,2025-02-12T04:04:01.080-05:00,2025-11-03T19:58:28.355-05:00
C3282,3574.48,2,1787.24,8,2025-02-12T03:59:48.080-05:00,2025-02-12T03:59:48.080-05:00,2025-11-03T19:58:28.355-05:00
C5745,3551.52,2,1775.76,8,2025-02-12T03:54:34.080-05:00,2025-02-12T03:54:34.080-05:00,2025-11-03T19:58:28.355-05:00
C7658,3457.2,2,1728.6,8,2025-02-12T03:58:30.080-05:00,2025-02-12T03:58:30.080-05:00,2025-11-03T19:58:28.355-05:00
C7885,3453.7,2,1726.85,10,2025-02-12T03:56:40.080-05:00,2025-02-12T03:56:40.080-05:00,2025-11-03T19:58:28.355-05:00
C3609,3363.44,2,1681.72,8,2025-02-12T04:04:08.080-05:00,2025-02-12T04:04:08.080-05:00,2025-11-03T19:58:28.355-05:00
C2712,3299.52,2,1649.76,8,2025-02-12T03:53:50.080-05:00,2025-02-12T03:53:50.080-05:00,2025-11-03T19:58:28.355-05:00
C5520,3276.32,2,1638.16,8,2025-02-12T03:54:41.080-05:00,2025-02-12T03:54:41.080-05:00,2025-11-03T19:58:28.355-05:00
C1093,3272.4,2,1636.2,8,2025-02-12T03:51:36.080-05:00,2025-02-12T03:51:36.080-05:00,2025-11-03T19:58:28.355-05:00
C7979,3248.91,3,1082.97,9,2025-02-12T03:57:55.080-05:00,2025-02-12T03:57:55.080-05:00,2025-11-03T19:58:28.355-05:00
C3530,3243.68,2,1621.84,8,2025-02-12T03:55:09.080-05:00,2025-02-12T03:55:09.080-05:00,2025-11-03T19:58:28.355-05:00
C9659,3192.3,2,1596.15,10,2025-02-12T03:59:05.080-05:00,2025-02-12T03:59:05.080-05:00,2025-11-03T19:58:28.355-05:00
C3931,3164.08,2,1582.04,8,2025-02-12T03:50:32.080-05:00,2025-02-12T03:50:32.080-05:00,2025-11-03T19:58:28.355-05:00
C6027,3126.64,2,1563.32,8,2025-02-12T03:54:23.080-05:00,2025-02-12T03:54:23.080-05:00,2025-11-03T19:58:28.355-05:00
C9631,3122.88,2,1561.44,8,2025-02-12T04:02:49.080-05:00,2025-02-12T04:02:49.080-05:00,2025-11-03T19:58:28.355-05:00
C3553,3085.04,2,1542.52,8,2025-02-12T03:58:34.080-05:00,2025-02-12T03:58:34.080-05:00,2025-11-03T19:58:28.355-05:00
C2112,3082.0,2,1541.0,10,2025-02-12T03:54:02.080-05:00,2025-02-12T03:54:02.080-05:00,2025-11-03T19:58:28.355-05:00
C9564,3061.0,2,1530.5,10,2025-02-12T04:00:15.080-05:00,2025-02-12T04:00:15.080-05:00,2025-11-03T19:58:28.355-05:00
C5300,2975.7,2,1487.85,10,2025-02-12T04:03:27.080-05:00,2025-02-12T04:03:27.080-05:00,2025-11-03T19:58:28.355-05:00
C6429,2962.96,2,1481.48,8,2025-02-12T03:59:42.080-05:00,2025-02-12T03:59:42.080-05:00,2025-11-03T19:58:28.355-05:00
C2989,2937.93,2,1468.97,9,2025-02-12T03:58:00.080-05:00,2025-02-12T04:00:23.080-05:00,2025-11-03T19:58:28.355-05:00
C5190,2930.6,2,1465.3,10,2025-02-12T03:54:25.080-05:00,2025-02-12T03:54:25.080-05:00,2025-11-03T19:58:28.355-05:00
C1216,2914.68,2,1457.34,6,2025-02-12T03:59:12.080-05:00,2025-02-12T03:59:12.080-05:00,2025-11-03T19:58:28.355-05:00
C5955,2897.46,3,965.82,12,2025-02-12T03:57:19.080-05:00,2025-02-12T04:03:12.080-05:00,2025-11-03T19:58:28.355-05:00
C1341,2878.48,2,1439.24,8,2025-02-12T04:01:50.080-05:00,2025-02-12T04:01:50.080-05:00,2025-11-03T19:58:28.355-05:00
C2711,2841.5,2,1420.75,10,2025-02-12T03:53:52.080-05:00,2025-02-12T03:53:52.080-05:00,2025-11-03T19:58:28.355-05:00
C9045,2816.96,2,1408.48,8,2025-02-12T03:58:54.080-05:00,2025-02-12T03:58:54.080-05:00,2025-11-03T19:58:28.355-05:00
C5546,2779.9,2,1389.95,10,2025-02-12T04:00:30.080-05:00,2025-02-12T04:00:30.080-05:00,2025-11-03T19:58:28.355-05:00
C5618,2740.7,2,1370.35,10,2025-02-12T04:03:57.080-05:00,2025-02-12T04:03:57.080-05:00,2025-11-03T19:58:28.355-05:00
C8406,2738.16,4,684.54,8,2025-02-12T04:03:40.080-05:00,2025-02-12T04:03:40.080-05:00,2025-11-03T19:58:28.355-05:00
C4081,2735.58,2,1367.79,6,2025-02-12T03:58:24.080-05:00,2025-02-12T03:58:24.080-05:00,2025-11-03T19:58:28.355-05:00
C7093,2702.76,3,900.92,12,2025-02-12T03:51:25.080-05:00,2025-02-12T03:51:25.080-05:00,2025-11-03T19:58:28.355-05:00
C6498,2691.92,2,1345.96,8,2025-02-12T03:56:41.080-05:00,2025-02-12T03:56:41.080-05:00,2025-11-03T19:58:28.355-05:00
C3220,2651.4,2,1325.7,6,2025-02-12T03:52:11.080-05:00,2025-02-12T03:52:11.080-05:00,2025-11-03T19:58:28.355-05:00
C4058,2650.2,2,1325.1,10,2025-02-12T04:01:12.080-05:00,2025-02-12T04:01:12.080-05:00,2025-11-03T19:58:28.355-05:00
C8269,2610.4,4,652.6,16,2025-02-12T03:52:53.080-05:00,2025-02-12T03:52:53.080-05:00,2025-11-03T19:58:28.355-05:00
C4002,2602.44,2,1301.22,6,2025-02-12T03:55:44.080-05:00,2025-02-12T03:55:44.080-05:00,2025-11-03T19:58:28.355-05:00
C5845,2600.88,2,1300.44,8,2025-02-12T03:54:28.080-05:00,2025-02-12T03:54:28.080-05:00,2025-11-03T19:58:28.355-05:00
C6480,2597.4,2,1298.7,10,2025-02-12T03:53:26.080-05:00,2025-02-12T03:53:26.080-05:00,2025-11-03T19:58:28.355-05:00
C9046,2596.95,3,865.65,11,2025-02-12T04:00:27.080-05:00,2025-02-12T04:05:20.080-05:00,2025-11-03T19:58:28.355-05:00
C4832,2569.7,2,1284.85,10,2025-02-12T03:50:49.080-05:00,2025-02-12T03:50:49.080-05:00,2025-11-03T19:58:28.355-05:00
C7841,2525.04,2,1262.52,8,2025-02-12T03:56:33.080-05:00,2025-02-12T03:56:33.080-05:00,2025-11-03T19:58:28.355-05:00
C4094,2520.36,2,1260.18,6,2025-02-12T03:56:09.080-05:00,2025-02-12T03:56:09.080-05:00,2025-11-03T19:58:28.355-05:00
C8475,2495.05,1,2495.05,5,2025-02-12T04:01:00.080-05:00,2025-02-12T04:01:00.080-05:00,2025-11-03T19:58:28.355-05:00
C8978,2487.24,3,829.08,12,2025-02-12T03:50:27.080-05:00,2025-02-12T03:50:27.080-05:00,2025-11-03T19:58:28.355-05:00
C3623,2476.64,2,1238.32,8,2025-02-12T04:04:00.080-05:00,2025-02-12T04:04:00.080-05:00,2025-11-03T19:58:28.355-05:00
C2424,2467.3,1,2467.3,5,2025-02-12T03:54:07.080-05:00,2025-02-12T03:54:07.080-05:00,2025-11-03T19:58:28.355-05:00
C5052,2461.25,1,2461.25,5,2025-02-12T03:59:44.080-05:00,2025-02-12T03:59:44.080-05:00,2025-11-03T19:58:28.355-05:00
C7119,2460.24,3,820.08,12,2025-02-12T03:57:52.080-05:00,2025-02-12T03:57:52.080-05:00,2025-11-03T19:58:28.355-05:00
C1906,2456.2,1,2456.2,5,2025-02-12T04:02:57.080-05:00,2025-02-12T04:02:57.080-05:00,2025-11-03T19:58:28.355-05:00
C8713,2452.74,2,1226.37,6,2025-02-12T03:52:36.080-05:00,2025-02-12T03:52:36.080-05:00,2025-11-03T19:58:28.355-05:00
C6980,2443.14,2,1221.57,6,2025-02-12T03:58:07.080-05:00,2025-02-12T03:58:07.080-05:00,2025-11-03T19:58:28.355-05:00
C9486,2436.45,1,2436.45,5,2025-02-12T03:55:18.080-05:00,2025-02-12T03:55:18.080-05:00,2025-11-03T19:58:28.355-05:00
C5725,2421.3,2,1210.65,6,2025-02-12T03:53:03.080-05:00,2025-02-12T03:53:03.080-05:00,2025-11-03T19:58:28.355-05:00
C5237,2418.3,3,806.1,15,2025-02-12T04:00:04.080-05:00,2025-02-12T04:00:04.080-05:00,2025-11-03T19:58:28.355-05:00
C9510,2404.6,2,1202.3,10,2025-02-12T03:51:18.080-05:00,2025-02-12T03:51:18.080-05:00,2025-11-03T19:58:28.355-05:00
C9989,2393.8,2,1196.9,10,2025-02-12T03:54:35.080-05:00,2025-02-12T03:54:35.080-05:00,2025-11-03T19:58:28.355-05:00
C6774,2384.72,2,1192.36,8,2025-02-12T03:56:56.080-05:00,2025-02-12T03:56:56.080-05:00,2025-11-03T19:58:28.355-05:00
C2740,2355.96,2,1177.98,6,2025-02-12T03:57:30.080-05:00,2025-02-12T03:57:30.080-05:00,2025-11-03T19:58:28.355-05:00
C3710,2350.65,1,2350.65,5,2025-02-12T03:58:55.080-05:00,2025-02-12T03:58:55.080-05:00,2025-11-03T19:58:28.355-05:00
C5061,2350.62,3,783.54,9,2025-02-12T03:56:36.080-05:00,2025-02-12T03:56:36.080-05:00,2025-11-03T19:58:28.355-05:00
C9011,2330.08,2,1165.04,8,2025-02-12T03:57:50.080-05:00,2025-02-12T03:57:50.080-05:00,2025-11-03T19:58:28.355-05:00
C4261,2329.6,2,1164.8,5,2025-02-12T03:52:39.080-05:00,2025-02-12T04:00:24.080-05:00,2025-11-03T19:58:28.355-05:00
C3578,2322.78,2,1161.39,6,2025-02-12T04:03:48.080-05:00,2025-02-12T04:03:48.080-05:00,2025-11-03T19:58:28.355-05:00
C8680,2315.0,4,578.75,20,2025-02-12T03:54:44.080-05:00,2025-02-12T03:54:44.080-05:00,2025-11-03T19:58:28.355-05:00
C6408,2288.9,1,2288.9,5,2025-02-12T03:53:06.080-05:00,2025-02-12T03:53:06.080-05:00,2025-11-03T19:58:28.355-05:00
C7666,2278.14,2,1139.07,6,2025-02-12T03:50:45.080-05:00,2025-02-12T03:50:45.080-05:00,2025-11-03T19:58:28.355-05:00
C4542,2270.5,1,2270.5,5,2025-02-12T04:03:15.080-05:00,2025-02-12T04:03:15.080-05:00,2025-11-03T19:58:28.355-05:00
C7454,2259.76,2,1129.88,8,2025-02-12T04:04:26.080-05:00,2025-02-12T04:04:26.080-05:00,2025-11-03T19:58:28.355-05:00
C9166,2259.4,1,2259.4,5,2025-02-12T03:53:52.080-05:00,2025-02-12T03:53:52.080-05:00,2025-11-03T19:58:28.355-05:00
C3375,2246.25,1,2246.25,5,2025-02-12T04:00:35.080-05:00,2025-02-12T04:00:35.080-05:00,2025-11-03T19:58:28.355-05:00
C9251,2194.86,2,1097.43,6,2025-02-12T03:59:19.080-05:00,2025-02-12T03:59:19.080-05:00,2025-11-03T19:58:28.355-05:00
C7274,2183.08,2,1091.54,6,2025-02-12T03:51:14.080-05:00,2025-02-12T03:57:22.080-05:00,2025-11-03T19:58:28.355-05:00
C7113,2143.68,4,535.92,12,2025-02-12T04:00:03.080-05:00,2025-02-12T04:00:03.080-05:00,2025-11-03T19:58:28.355-05:00
C3153,2138.4,1,2138.4,5,2025-02-12T04:01:00.080-05:00,2025-02-12T04:01:00.080-05:00,2025-11-03T19:58:28.355-05:00
C1883,2133.9,2,1066.95,6,2025-02-12T04:03:55.080-05:00,2025-02-12T04:03:55.080-05:00,2025-11-03T19:58:28.355-05:00
C7846,2092.3,2,1046.15,10,2025-02-12T03:56:33.080-05:00,2025-02-12T03:56:33.080-05:00,2025-11-03T19:58:28.355-05:00
C7415,2089.3,1,2089.3,5,2025-02-12T03:51:42.080-05:00,2025-02-12T03:51:42.080-05:00,2025-11-03T19:58:28.355-05:00
C7871,2088.24,2,1044.12,6,2025-02-12T03:57:38.080-05:00,2025-02-12T03:57:38.080-05:00,2025-11-03T19:58:28.355-05:00
C4226,2061.65,1,2061.65,5,2025-02-12T03:58:26.080-05:00,2025-02-12T03:58:26.080-05:00,2025-11-03T19:58:28.355-05:00
C6091,2047.92,2,1023.96,8,2025-02-12T03:51:31.080-05:00,2025-02-12T03:51:31.080-05:00,2025-11-03T19:58:28.355-05:00
C3958,2043.7,1,2043.7,5,2025-02-12T03:53:47.080-05:00,2025-02-12T03:53:47.080-05:00,2025-11-03T19:58:28.355-05:00
C9103,2032.25,1,2032.25,5,2025-02-12T03:54:55.080-05:00,2025-02-12T03:54:55.080-05:00,2025-11-03T19:58:28.355-05:00
C6544,2032.0,1,2032.0,5,2025-02-12T04:02:45.080-05:00,2025-02-12T04:02:45.080-05:00,2025-11-03T19:58:28.355-05:00
C9370,2012.64,2,1006.32,8,2025-02-12T03:52:32.080-05:00,2025-02-12T03:52:32.080-05:00,2025-11-03T19:58:28.355-05:00
C4067,2005.6,2,1002.8,10,2025-02-12T04:03:45.080-05:00,2025-02-12T04:03:45.080-05:00,2025-11-03T19:58:28.355-05:00
C5646,1975.8,3,658.6,12,2025-02-12T03:54:33.080-05:00,2025-02-12T03:54:33.080-05:00,2025-11-03T19:58:28.355-05:00
C3193,1975.56,1,1975.56,4,2025-02-12T03:58:40.080-05:00,2025-02-12T03:58:40.080-05:00,2025-11-03T19:58:28.355-05:00
C3254,1975.5,1,1975.5,5,2025-02-12T03:54:15.080-05:00,2025-02-12T03:54:15.080-05:00,2025-11-03T19:58:28.355-05:00
C1960,1971.12,1,1971.12,4,2025-02-12T04:04:41.080-05:00,2025-02-12T04:04:41.080-05:00,2025-11-03T19:58:28.355-05:00
C9496,1969.2,1,1969.2,5,2025-02-12T04:04:12.080-05:00,2025-02-12T04:04:12.080-05:00,2025-11-03T19:58:28.355-05:00
C5316,1955.16,3,651.72,12,2025-02-12T03:59:30.080-05:00,2025-02-12T03:59:30.080-05:00,2025-11-03T19:58:28.355-05:00
C3281,1935.48,4,483.87,12,2025-02-12T04:03:38.080-05:00,2025-02-12T04:03:38.080-05:00,2025-11-03T19:58:28.355-05:00
C7659,1927.56,2,963.78,6,2025-02-12T04:00:46.080-05:00,2025-02-12T04:00:46.080-05:00,2025-11-03T19:58:28.355-05:00
C6374,1896.4,2,948.2,4,2025-02-12T04:01:01.080-05:00,2025-02-12T04:01:01.080-05:00,2025-11-03T19:58:28.355-05:00
C9815,1892.6,1,1892.6,5,2025-02-12T03:55:32.080-05:00,2025-02-12T03:55:32.080-05:00,2025-11-03T19:58:28.355-05:00
C2962,1868.68,1,1868.68,4,2025-02-12T03:51:56.080-05:00,2025-02-12T03:51:56.080-05:00,2025-11-03T19:58:28.355-05:00
C6073,1858.65,3,619.55,15,2025-02-12T04:01:37.080-05:00,2025-02-12T04:01:37.080-05:00,2025-11-03T19:58:28.355-05:00
C2132,1849.68,2,924.84,8,2025-02-12T04:04:47.080-05:00,2025-02-12T04:04:47.080-05:00,2025-11-03T19:58:28.355-05:00
C2674,1844.16,2,922.08,8,2025-02-12T03:53:51.080-05:00,2025-02-12T03:53:51.080-05:00,2025-11-03T19:58:28.355-05:00
C7335,1828.0,1,1828.0,5,2025-02-12T04:02:24.080-05:00,2025-02-12T04:02:24.080-05:00,2025-11-03T19:58:28.355-05:00
C9539,1810.9,2,905.45,10,2025-02-12T03:59:45.080-05:00,2025-02-12T03:59:45.080-05:00,2025-11-03T19:58:28.355-05:00
C9077,1797.48,1,1797.48,4,2025-02-12T04:02:17.080-05:00,2025-02-12T04:02:17.080-05:00,2025-11-03T19:58:28.355-05:00
C8727,1791.08,1,1791.08,4,2025-02-12T04:00:53.080-05:00,2025-02-12T04:00:53.080-05:00,2025-11-03T19:58:28.355-05:00
C6056,1789.32,1,1789.32,4,2025-02-12T04:00:14.080-05:00,2025-02-12T04:00:14.080-05:00,2025-11-03T19:58:28.355-05:00
C1859,1789.2,2,894.6,8,2025-02-12T03:54:01.080-05:00,2025-02-12T03:54:01.080-05:00,2025-11-03T19:58:28.355-05:00
C7320,1785.6,1,1785.6,4,2025-02-12T03:56:41.080-05:00,2025-02-12T03:56:41.080-05:00,2025-11-03T19:58:28.355-05:00
C9305,1783.12,2,891.56,4,2025-02-12T03:57:50.080-05:00,2025-02-12T03:57:50.080-05:00,2025-11-03T19:58:28.355-05:00
C8660,1762.16,1,1762.16,4,2025-02-12T04:02:14.080-05:00,2025-02-12T04:02:14.080-05:00,2025-11-03T19:58:28.355-05:00
C2546,1742.55,1,1742.55,5,2025-02-12T03:52:50.080-05:00,2025-02-12T03:52:50.080-05:00,2025-11-03T19:58:28.355-05:00
C2148,1731.16,1,1731.16,4,2025-02-12T04:03:11.080-05:00,2025-02-12T04:03:11.080-05:00,2025-11-03T19:58:28.355-05:00
C2961,1723.86,2,861.93,6,2025-02-12T04:03:54.080-05:00,2025-02-12T04:03:54.080-05:00,2025-11-03T19:58:28.355-05:00
C9399,1712.7,2,856.35,6,2025-02-12T03:50:23.080-05:00,2025-02-12T03:50:23.080-05:00,2025-11-03T19:58:28.355-05:00
C7413,1712.64,4,428.16,8,2025-02-12T04:03:52.080-05:00,2025-02-12T04:03:52.080-05:00,2025-11-03T19:58:28.355-05:00
C1932,1710.48,3,570.16,6,2025-02-12T03:59:24.080-05:00,2025-02-12T03:59:24.080-05:00,2025-11-03T19:58:28.355-05:00
C5605,1703.84,1,1703.84,4,2025-02-12T04:01:23.080-05:00,2025-02-12T04:01:23.080-05:00,2025-11-03T19:58:28.355-05:00
C7763,1700.88,1,1700.88,4,2025-02-12T04:00:24.080-05:00,2025-02-12T04:00:24.080-05:00,2025-11-03T19:58:28.355-05:00
C8412,1697.48,4,424.37,4,2025-02-12T03:53:36.080-05:00,2025-02-12T03:53:36.080-05:00,2025-11-03T19:58:28.355-05:00
C4800,1697.04,1,1697.04,4,2025-02-12T03:54:13.080-05:00,2025-02-12T03:54:13.080-05:00,2025-11-03T19:58:28.355-05:00
C8407,1695.64,1,1695.64,4,2025-02-12T03:50:35.080-05:00,2025-02-12T03:50:35.080-05:00,2025-11-03T19:58:28.355-05:00
C2764,1691.52,1,1691.52,4,2025-02-12T04:04:31.080-05:00,2025-02-12T04:04:31.080-05:00,2025-11-03T19:58:28.355-05:00
C3177,1687.2,2,843.6,6,2025-02-12T03:53:00.080-05:00,2025-02-12T03:53:00.080-05:00,2025-11-03T19:58:28.355-05:00
C6546,1664.0,1,1664.0,4,2025-02-12T03:58:47.080-05:00,2025-02-12T03:58:47.080-05:00,2025-11-03T19:58:28.355-05:00
C8024,1663.92,1,1663.92,4,2025-02-12T03:56:51.080-05:00,2025-02-12T03:56:51.080-05:00,2025-11-03T19:58:28.355-05:00
C5709,1651.96,2,825.98,4,2025-02-12T03:56:23.080-05:00,2025-02-12T03:56:23.080-05:00,2025-11-03T19:58:28.355-05:00
C5044,1639.2,2,819.6,6,2025-02-12T03:56:24.080-05:00,2025-02-12T03:56:24.080-05:00,2025-11-03T19:58:28.355-05:00
C4285,1639.2,2,819.6,8,2025-02-12T03:56:22.080-05:00,2025-02-12T03:56:22.080-05:00,2025-11-03T19:58:28.355-05:00
C1564,1639.05,1,1639.05,5,2025-02-12T04:00:34.080-05:00,2025-02-12T04:00:34.080-05:00,2025-11-03T19:58:28.355-05:00
C3336,1617.76,1,1617.76,4,2025-02-12T03:52:26.080-05:00,2025-02-12T03:52:26.080-05:00,2025-11-03T19:58:28.355-05:00
C9766,1610.0,1,1610.0,5,2025-02-12T03:51:49.080-05:00,2025-02-12T03:51:49.080-05:00,2025-11-03T19:58:28.355-05:00
C5352,1595.56,2,797.78,4,2025-02-12T03:58:06.080-05:00,2025-02-12T03:58:06.080-05:00,2025-11-03T19:58:28.355-05:00
C1759,1593.9,3,531.3,15,2025-02-12T03:57:45.080-05:00,2025-02-12T03:57:45.080-05:00,2025-11-03T19:58:28.355-05:00
C5586,1593.6,1,1593.6,4,2025-02-12T04:03:50.080-05:00,2025-02-12T04:03:50.080-05:00,2025-11-03T19:58:28.355-05:00
C7403,1570.14,2,785.07,6,2025-02-12T03:55:15.080-05:00,2025-02-12T03:55:15.080-05:00,2025-11-03T19:58:28.355-05:00
C6976,1562.06,3,520.69,8,2025-02-12T03:50:28.080-05:00,2025-02-12T03:51:15.080-05:00,2025-11-03T19:58:28.355-05:00
C2882,1551.2,1,1551.2,5,2025-02-12T03:53:50.080-05:00,2025-02-12T03:53:50.080-05:00,2025-11-03T19:58:28.355-05:00
C3218,1544.8,1,1544.8,5,2025-02-12T03:59:40.080-05:00,2025-02-12T03:59:40.080-05:00,2025-11-03T19:58:28.355-05:00
C1747,1541.6,1,1541.6,4,2025-02-12T04:04:43.080-05:00,2025-02-12T04:04:43.080-05:00,2025-11-03T19:58:28.355-05:00
C1219,1540.04,1,1540.04,4,2025-02-12T04:00:12.080-05:00,2025-02-12T04:00:12.080-05:00,2025-11-03T19:58:28.355-05:00
C1935,1537.28,2,768.64,4,2025-02-12T03:57:32.080-05:00,2025-02-12T03:57:32.080-05:00,2025-11-03T19:58:28.355-05:00
C8020,1524.36,1,1524.36,4,2025-02-12T04:02:52.080-05:00,2025-02-12T04:02:52.080-05:00,2025-11-03T19:58:28.355-05:00
C4145,1516.92,1,1516.92,4,2025-02-12T03:57:32.080-05:00,2025-02-12T03:57:32.080-05:00,2025-11-03T19:58:28.355-05:00
C6217,1514.4,2,757.2,8,2025-02-12T04:02:34.080-05:00,2025-02-12T04:02:34.080-05:00,2025-11-03T19:58:28.355-05:00
C3620,1512.0,2,756.0,10,2025-02-12T03:58:25.080-05:00,2025-02-12T03:58:25.080-05:00,2025-11-03T19:58:28.355-05:00
C9680,1510.3,1,1510.3,5,2025-02-12T03:55:25.080-05:00,2025-02-12T03:55:25.080-05:00,2025-11-03T19:58:28.355-05:00
C1236,1497.75,1,1497.75,5,2025-02-12T04:01:44.080-05:00,2025-02-12T04:01:44.080-05:00,2025-11-03T19:58:28.355-05:00
C8922,1497.6,3,499.2,15,2025-02-12T03:58:27.080-05:00,2025-02-12T03:58:27.080-05:00,2025-11-03T19:58:28.355-05:00
C2422,1495.44,1,1495.44,4,2025-02-12T04:00:26.080-05:00,2025-02-12T04:00:26.080-05:00,2025-11-03T19:58:28.355-05:00
C4436,1494.54,1,1494.54,3,2025-02-12T03:58:15.080-05:00,2025-02-12T03:58:15.080-05:00,2025-11-03T19:58:28.355-05:00
C3823,1490.34,1,1490.34,3,2025-02-12T03:57:53.080-05:00,2025-02-12T03:57:53.080-05:00,2025-11-03T19:58:28.355-05:00
C3843,1489.48,1,1489.48,4,2025-02-12T04:00:55.080-05:00,2025-02-12T04:00:55.080-05:00,2025-11-03T19:58:28.355-05:00
C1075,1473.18,1,1473.18,3,2025-02-12T03:58:04.080-05:00,2025-02-12T03:58:04.080-05:00,2025-11-03T19:58:28.355-05:00
C9344,1462.11,1,1462.11,3,2025-02-12T03:52:43.080-05:00,2025-02-12T03:52:43.080-05:00,2025-11-03T19:58:28.355-05:00
C2347,1456.95,1,1456.95,5,2025-02-12T04:02:27.080-05:00,2025-02-12T04:02:27.080-05:00,2025-11-03T19:58:28.355-05:00
C3729,1450.62,1,1450.62,3,2025-02-12T03:53:37.080-05:00,2025-02-12T03:53:37.080-05:00,2025-11-03T19:58:28.355-05:00
C2319,1423.32,3,474.44,12,2025-02-12T04:04:35.080-05:00,2025-02-12T04:04:35.080-05:00,2025-11-03T19:58:28.355-05:00
C6470,1423.14,2,711.57,6,2025-02-12T03:54:24.080-05:00,2025-02-12T03:54:24.080-05:00,2025-11-03T19:58:28.355-05:00
C9648,1418.92,2,709.46,4,2025-02-12T03:55:41.080-05:00,2025-02-12T03:55:41.080-05:00,2025-11-03T19:58:28.355-05:00
C9972,1413.52,2,706.76,8,2025-02-12T04:05:02.080-05:00,2025-02-12T04:05:02.080-05:00,2025-11-03T19:58:28.355-05:00
C8757,1412.96,2,706.48,4,2025-02-12T03:57:54.080-05:00,2025-02-12T03:57:54.080-05:00,2025-11-03T19:58:28.355-05:00
C6660,1406.0,2,703.0,8,2025-02-12T04:00:58.080-05:00,2025-02-12T04:00:58.080-05:00,2025-11-03T19:58:28.355-05:00
C4596,1403.0,2,701.5,10,2025-02-12T03:56:28.080-05:00,2025-02-12T03:56:28.080-05:00,2025-11-03T19:58:28.355-05:00
C3819,1398.2,1,1398.2,5,2025-02-12T03:55:01.080-05:00,2025-02-12T03:55:01.080-05:00,2025-11-03T19:58:28.355-05:00
C5883,1387.35,3,462.45,3,2025-02-12T03:59:05.080-05:00,2025-02-12T03:59:05.080-05:00,2025-11-03T19:58:28.355-05:00
C2371,1385.6,1,1385.6,4,2025-02-12T03:50:31.080-05:00,2025-02-12T03:50:31.080-05:00,2025-11-03T19:58:28.355-05:00
C8264,1383.68,2,691.84,4,2025-02-12T03:58:33.080-05:00,2025-02-12T03:58:33.080-05:00,2025-11-03T19:58:28.355-05:00
C7362,1382.24,2,691.12,8,2025-02-12T03:52:17.080-05:00,2025-02-12T03:52:17.080-05:00,2025-11-03T19:58:28.355-05:00
C5062,1373.88,2,686.94,6,2025-02-12T03:59:26.080-05:00,2025-02-12T03:59:26.080-05:00,2025-11-03T19:58:28.355-05:00
C6847,1371.48,3,457.16,6,2025-02-12T03:59:36.080-05:00,2025-02-12T03:59:36.080-05:00,2025-11-03T19:58:28.355-05:00
C1886,1360.59,1,1360.59,3,2025-02-12T03:51:03.080-05:00,2025-02-12T03:51:03.080-05:00,2025-11-03T19:58:28.355-05:00
C5659,1343.3,2,671.65,10,2025-02-12T03:57:06.080-05:00,2025-02-12T03:57:06.080-05:00,2025-11-03T19:58:28.355-05:00
C7562,1342.11,1,1342.11,3,2025-02-12T04:01:35.080-05:00,2025-02-12T04:01:35.080-05:00,2025-11-03T19:58:28.355-05:00
C8045,1339.44,1,1339.44,4,2025-02-12T03:56:46.080-05:00,2025-02-12T03:56:46.080-05:00,2025-11-03T19:58:28.355-05:00
C9655,1334.36,2,667.18,4,2025-02-12T04:02:56.080-05:00,2025-02-12T04:02:56.080-05:00,2025-11-03T19:58:28.355-05:00
C6797,1325.19,1,1325.19,3,2025-02-12T04:02:45.080-05:00,2025-02-12T04:02:45.080-05:00,2025-11-03T19:58:28.355-05:00
C7316,1322.55,1,1322.55,3,2025-02-12T03:59:23.080-05:00,2025-02-12T03:59:23.080-05:00,2025-11-03T19:58:28.355-05:00
C9073,1316.04,1,1316.04,4,2025-02-12T04:02:42.080-05:00,2025-02-12T04:02:42.080-05:00,2025-11-03T19:58:28.355-05:00
C5374,1311.78,3,437.26,6,2025-02-12T03:53:40.080-05:00,2025-02-12T03:53:40.080-05:00,2025-11-03T19:58:28.355-05:00
C5980,1305.04,1,1305.04,4,2025-02-12T04:05:08.080-05:00,2025-02-12T04:05:08.080-05:00,2025-11-03T19:58:28.355-05:00
C5791,1282.2,1,1282.2,3,2025-02-12T04:01:55.080-05:00,2025-02-12T04:01:55.080-05:00,2025-11-03T19:58:28.355-05:00
C8898,1281.78,3,427.26,6,2025-02-12T03:54:28.080-05:00,2025-02-12T03:54:28.080-05:00,2025-11-03T19:58:28.355-05:00
C2438,1278.2,2,639.1,10,2025-02-12T04:02:27.080-05:00,2025-02-12T04:02:27.080-05:00,2025-11-03T19:58:28.355-05:00
C4000,1277.45,1,1277.45,5,2025-02-12T03:53:20.080-05:00,2025-02-12T03:53:20.080-05:00,2025-11-03T19:58:28.355-05:00
C7743,1276.28,2,638.14,4,2025-02-12T04:04:25.080-05:00,2025-02-12T04:04:25.080-05:00,2025-11-03T19:58:28.355-05:00
C2602,1274.0,1,1274.0,4,2025-02-12T04:01:24.080-05:00,2025-02-12T04:01:24.080-05:00,2025-11-03T19:58:28.355-05:00
C5570,1267.12,2,633.56,4,2025-02-12T04:00:52.080-05:00,2025-02-12T04:00:52.080-05:00,2025-11-03T19:58:28.355-05:00
C4656,1265.88,1,1265.88,3,2025-02-12T03:50:41.080-05:00,2025-02-12T03:50:41.080-05:00,2025-11-03T19:58:28.355-05:00
C6229,1261.44,4,315.36,4,2025-02-12T04:01:11.080-05:00,2025-02-12T04:01:11.080-05:00,2025-11-03T19:58:28.355-05:00
C8350,1259.25,1,1259.25,3,2025-02-12T04:03:53.080-05:00,2025-02-12T04:03:53.080-05:00,2025-11-03T19:58:28.355-05:00
C3579,1247.94,3,415.98,9,2025-02-12T03:52:45.080-05:00,2025-02-12T03:52:45.080-05:00,2025-11-03T19:58:28.355-05:00
C2597,1246.8,2,623.4,8,2025-02-12T04:00:12.080-05:00,2025-02-12T04:00:12.080-05:00,2025-11-03T19:58:28.355-05:00
C4525,1245.45,3,415.15,15,2025-02-12T03:58:35.080-05:00,2025-02-12T03:58:35.080-05:00,2025-11-03T19:58:28.355-05:00
C7383,1243.44,3,414.48,12,2025-02-12T03:53:37.080-05:00,2025-02-12T03:53:37.080-05:00,2025-11-03T19:58:28.355-05:00
C8568,1226.7,1,1226.7,3,2025-02-12T03:51:08.080-05:00,2025-02-12T03:51:08.080-05:00,2025-11-03T19:58:28.355-05:00
C2131,1224.48,1,1224.48,3,2025-02-12T04:00:36.080-05:00,2025-02-12T04:00:36.080-05:00,2025-11-03T19:58:28.355-05:00
C4495,1223.16,2,611.58,6,2025-02-12T03:59:54.080-05:00,2025-02-12T03:59:54.080-05:00,2025-11-03T19:58:28.355-05:00
C4869,1218.5,1,1218.5,5,2025-02-12T03:50:30.080-05:00,2025-02-12T03:50:30.080-05:00,2025-11-03T19:58:28.355-05:00
C1970,1208.04,1,1208.04,4,2025-02-12T04:01:44.080-05:00,2025-02-12T04:01:44.080-05:00,2025-11-03T19:58:28.355-05:00
C8811,1203.92,2,601.96,4,2025-02-12T03:51:52.080-05:00,2025-02-12T03:51:52.080-05:00,2025-11-03T19:58:28.355-05:00
C8201,1197.4,2,598.7,4,2025-02-12T03:58:23.080-05:00,2025-02-12T03:58:23.080-05:00,2025-11-03T19:58:28.355-05:00
C9817,1192.24,2,596.12,4,2025-02-12T04:03:11.080-05:00,2025-02-12T04:03:11.080-05:00,2025-11-03T19:58:28.355-05:00
C6058,1179.52,1,1179.52,4,2025-02-12T04:00:51.080-05:00,2025-02-12T04:00:51.080-05:00,2025-11-03T19:58:28.355-05:00
C9712,1173.9,1,1173.9,5,2025-02-12T03:55:36.080-05:00,2025-02-12T03:55:36.080-05:00,2025-11-03T19:58:28.355-05:00
C4922,1173.27,1,1173.27,3,2025-02-12T03:53:30.080-05:00,2025-02-12T03:53:30.080-05:00,2025-11-03T19:58:28.355-05:00
C7757,1162.54,4,290.64,4,2025-02-12T03:54:34.080-05:00,2025-02-12T04:00:56.080-05:00,2025-11-03T19:58:28.355-05:00
C5510,1150.32,1,1150.32,3,2025-02-12T04:05:14.080-05:00,2025-02-12T04:05:14.080-05:00,2025-11-03T19:58:28.355-05:00
C3676,1139.22,2,569.61,6,2025-02-12T03:53:09.080-05:00,2025-02-12T03:53:09.080-05:00,2025-11-03T19:58:28.355-05:00
C5314,1135.16,2,567.58,4,2025-02-12T03:50:33.080-05:00,2025-02-12T03:50:33.080-05:00,2025-11-03T19:58:28.355-05:00
C5026,1132.92,1,1132.92,3,2025-02-12T03:54:45.080-05:00,2025-02-12T03:54:45.080-05:00,2025-11-03T19:58:28.355-05:00
C6177,1125.76,4,281.44,4,2025-02-12T03:55:46.080-05:00,2025-02-12T03:55:46.080-05:00,2025-11-03T19:58:28.355-05:00
C3312,1111.56,1,1111.56,3,2025-02-12T03:56:22.080-05:00,2025-02-12T03:56:22.080-05:00,2025-11-03T19:58:28.355-05:00
C2268,1111.2,3,370.4,15,2025-02-12T04:04:27.080-05:00,2025-02-12T04:04:27.080-05:00,2025-11-03T19:58:28.355-05:00
C9087,1109.6,2,554.8,8,2025-02-12T03:51:06.080-05:00,2025-02-12T03:51:06.080-05:00,2025-11-03T19:58:28.355-05:00
C9332,1107.4,2,553.7,10,2025-02-12T03:53:17.080-05:00,2025-02-12T03:53:17.080-05:00,2025-11-03T19:58:28.355-05:00
C6052,1104.92,1,1104.92,4,2025-02-12T03:58:37.080-05:00,2025-02-12T03:58:37.080-05:00,2025-11-03T19:58:28.355-05:00
C6804,1099.32,1,1099.32,3,2025-02-12T03:50:28.080-05:00,2025-02-12T03:50:28.080-05:00,2025-11-03T19:58:28.355-05:00
C2102,1086.2,1,1086.2,4,2025-02-12T03:50:34.080-05:00,2025-02-12T03:50:34.080-05:00,2025-11-03T19:58:28.355-05:00
C8653,1071.03,1,1071.03,3,2025-02-12T03:55:46.080-05:00,2025-02-12T03:55:46.080-05:00,2025-11-03T19:58:28.355-05:00
C2479,1070.75,1,1070.75,5,2025-02-12T03:54:49.080-05:00,2025-02-12T03:54:49.080-05:00,2025-11-03T19:58:28.355-05:00
C4387,1056.45,1,1056.45,3,2025-02-12T04:04:23.080-05:00,2025-02-12T04:04:23.080-05:00,2025-11-03T19:58:28.355-05:00
C1413,1055.4,2,527.7,10,2025-02-12T03:58:20.080-05:00,2025-02-12T03:58:20.080-05:00,2025-11-03T19:58:28.355-05:00
C8449,1042.96,1,1042.96,4,2025-02-12T04:03:48.080-05:00,2025-02-12T04:03:48.080-05:00,2025-11-03T19:58:28.355-05:00
C3140,1022.49,1,1022.49,3,2025-02-12T03:59:46.080-05:00,2025-02-12T03:59:46.080-05:00,2025-11-03T19:58:28.355-05:00
C3147,1015.25,1,1015.25,5,2025-02-12T03:55:50.080-05:00,2025-02-12T03:55:50.080-05:00,2025-11-03T19:58:28.355-05:00
C5194,1015.17,1,1015.17,3,2025-02-12T03:54:25.080-05:00,2025-02-12T03:54:25.080-05:00,2025-11-03T19:58:28.355-05:00
C8531,1006.04,2,503.02,4,2025-02-12T03:57:57.080-05:00,2025-02-12T03:57:57.080-05:00,2025-11-03T19:58:28.355-05:00
C5482,999.46,2,499.73,2,2025-02-12T04:04:39.080-05:00,2025-02-12T04:04:39.080-05:00,2025-11-03T19:58:28.355-05:00
C7005,997.11,1,997.11,3,2025-02-12T03:57:32.080-05:00,2025-02-12T03:57:32.080-05:00,2025-11-03T19:58:28.355-05:00
C5920,996.96,1,996.96,4,2025-02-12T04:05:04.080-05:00,2025-02-12T04:05:04.080-05:00,2025-11-03T19:58:28.355-05:00
C6179,995.36,1,995.36,2,2025-02-12T03:53:58.080-05:00,2025-02-12T03:53:58.080-05:00,2025-11-03T19:58:28.355-05:00
C4734,995.13,1,995.13,3,2025-02-12T03:55:53.080-05:00,2025-02-12T03:55:53.080-05:00,2025-11-03T19:58:28.355-05:00
C3937,992.52,1,992.52,4,2025-02-12T04:01:11.080-05:00,2025-02-12T04:01:11.080-05:00,2025-11-03T19:58:28.355-05:00
C9026,992.25,1,992.25,5,2025-02-12T04:00:00.080-05:00,2025-02-12T04:00:00.080-05:00,2025-11-03T19:58:28.355-05:00
C1117,991.02,1,991.02,2,2025-02-12T03:56:54.080-05:00,2025-02-12T03:56:54.080-05:00,2025-11-03T19:58:28.355-05:00
C8511,983.85,1,983.85,3,2025-02-12T04:05:21.080-05:00,2025-02-12T04:05:21.080-05:00,2025-11-03T19:58:28.355-05:00
C5794,982.02,1,982.02,2,2025-02-12T03:52:49.080-05:00,2025-02-12T03:52:49.080-05:00,2025-11-03T19:58:28.355-05:00
C7781,979.71,1,979.71,3,2025-02-12T03:57:19.080-05:00,2025-02-12T03:57:19.080-05:00,2025-11-03T19:58:28.355-05:00
C7585,976.83,3,325.61,3,2025-02-12T03:57:25.080-05:00,2025-02-12T03:57:25.080-05:00,2025-11-03T19:58:28.355-05:00
C1899,974.13,1,974.13,3,2025-02-12T04:03:31.080-05:00,2025-02-12T04:03:31.080-05:00,2025-11-03T19:58:28.355-05:00
C2874,972.02,1,972.02,2,2025-02-12T04:03:20.080-05:00,2025-02-12T04:03:20.080-05:00,2025-11-03T19:58:28.355-05:00
C7420,970.88,1,970.88,2,2025-02-12T04:01:31.080-05:00,2025-02-12T04:01:31.080-05:00,2025-11-03T19:58:28.355-05:00
C2052,963.18,1,963.18,3,2025-02-12T03:52:47.080-05:00,2025-02-12T03:52:47.080-05:00,2025-11-03T19:58:28.355-05:00
C8187,958.98,1,958.98,2,2025-02-12T03:53:14.080-05:00,2025-02-12T03:53:14.080-05:00,2025-11-03T19:58:28.355-05:00
C4252,956.9,1,956.9,2,2025-02-12T03:58:24.080-05:00,2025-02-12T03:58:24.080-05:00,2025-11-03T19:58:28.355-05:00
C7877,956.52,2,478.26,6,2025-02-12T03:58:14.080-05:00,2025-02-12T03:58:14.080-05:00,2025-11-03T19:58:28.355-05:00
C3607,956.06,2,478.03,2,2025-02-12T03:59:35.080-05:00,2025-02-12T03:59:35.080-05:00,2025-11-03T19:58:28.355-05:00
C4520,949.34,1,949.34,2,2025-02-12T04:00:41.080-05:00,2025-02-12T04:00:41.080-05:00,2025-11-03T19:58:28.355-05:00
C9999,942.45,1,942.45,5,2025-02-12T03:50:26.080-05:00,2025-02-12T03:50:26.080-05:00,2025-11-03T19:58:28.355-05:00
C8617,940.92,2,470.46,2,2025-02-12T04:02:39.080-05:00,2025-02-12T04:02:39.080-05:00,2025-11-03T19:58:28.355-05:00
C6368,940.5,1,940.5,2,2025-02-12T03:56:04.080-05:00,2025-02-12T03:56:04.080-05:00,2025-11-03T19:58:28.355-05:00
C5321,923.44,1,923.44,4,2025-02-12T03:55:04.080-05:00,2025-02-12T03:55:04.080-05:00,2025-11-03T19:58:28.355-05:00
C2687,914.01,3,304.67,3,2025-02-12T04:00:58.080-05:00,2025-02-12T04:00:58.080-05:00,2025-11-03T19:58:28.355-05:00
C4133,910.64,1,910.64,4,2025-02-12T03:51:16.080-05:00,2025-02-12T03:51:16.080-05:00,2025-11-03T19:58:28.355-05:00
C2936,910.17,3,303.39,3,2025-02-12T04:00:56.080-05:00,2025-02-12T04:00:56.080-05:00,2025-11-03T19:58:28.355-05:00
C3858,909.36,1,909.36,2,2025-02-12T04:05:10.080-05:00,2025-02-12T04:05:10.080-05:00,2025-11-03T19:58:28.355-05:00
C4137,907.98,1,907.98,2,2025-02-12T03:58:25.080-05:00,2025-02-12T03:58:25.080-05:00,2025-11-03T19:58:28.355-05:00
C5498,906.68,1,906.68,2,2025-02-12T03:58:21.080-05:00,2025-02-12T03:58:21.080-05:00,2025-11-03T19:58:28.355-05:00
C3732,903.52,1,903.52,2,2025-02-12T04:04:16.080-05:00,2025-02-12T04:04:16.080-05:00,2025-11-03T19:58:28.355-05:00
C9284,899.76,2,449.88,4,2025-02-12T03:52:32.080-05:00,2025-02-12T03:52:32.080-05:00,2025-11-03T19:58:28.355-05:00
C9262,891.95,1,891.95,5,2025-02-12T03:50:24.080-05:00,2025-02-12T03:50:24.080-05:00,2025-11-03T19:58:28.355-05:00
C7066,877.62,1,877.62,2,2025-02-12T03:58:04.080-05:00,2025-02-12T03:58:04.080-05:00,2025-11-03T19:58:28.355-05:00
C8788,874.3,2,437.15,2,2025-02-12T04:04:43.080-05:00,2025-02-12T04:04:43.080-05:00,2025-11-03T19:58:28.355-05:00
C9949,873.6,1,873.6,5,2025-02-12T03:55:05.080-05:00,2025-02-12T03:55:05.080-05:00,2025-11-03T19:58:28.355-05:00
C6326,872.84,2,436.42,2,2025-02-12T04:01:09.080-05:00,2025-02-12T04:01:09.080-05:00,2025-11-03T19:58:28.355-05:00
C9392,868.88,2,434.44,4,2025-02-12T03:56:55.080-05:00,2025-02-12T03:56:55.080-05:00,2025-11-03T19:58:28.355-05:00
C7750,867.16,2,433.58,4,2025-02-12T03:56:13.080-05:00,2025-02-12T03:56:13.080-05:00,2025-11-03T19:58:28.355-05:00
C6598,849.98,1,849.98,2,2025-02-12T03:59:10.080-05:00,2025-02-12T03:59:10.080-05:00,2025-11-03T19:58:28.355-05:00
C7608,832.0,2,416.0,8,2025-02-12T03:52:41.080-05:00,2025-02-12T03:52:41.080-05:00,2025-11-03T19:58:28.355-05:00
C3263,827.64,3,275.88,6,2025-02-12T03:59:09.080-05:00,2025-02-12T03:59:09.080-05:00,2025-11-03T19:58:28.355-05:00
C4450,824.84,1,824.84,4,2025-02-12T03:56:38.080-05:00,2025-02-12T03:56:38.080-05:00,2025-11-03T19:58:28.355-05:00
C8902,820.77,1,820.77,3,2025-02-12T03:57:59.080-05:00,2025-02-12T03:57:59.080-05:00,2025-11-03T19:58:28.355-05:00
C6940,815.04,2,407.52,2,2025-02-12T04:04:43.080-05:00,2025-02-12T04:04:43.080-05:00,2025-11-03T19:58:28.355-05:00
C1764,806.32,2,403.16,2,2025-02-12T04:04:52.080-05:00,2025-02-12T04:04:52.080-05:00,2025-11-03T19:58:28.355-05:00
C9823,806.16,1,806.16,3,2025-02-12T04:02:53.080-05:00,2025-02-12T04:02:53.080-05:00,2025-11-03T19:58:28.355-05:00
C7617,803.95,1,803.95,5,2025-02-12T03:51:42.080-05:00,2025-02-12T03:51:42.080-05:00,2025-11-03T19:58:28.355-05:00
C7732,799.96,1,799.96,4,2025-02-12T03:54:50.080-05:00,2025-02-12T03:54:50.080-05:00,2025-11-03T19:58:28.355-05:00
C2900,793.44,1,793.44,4,2025-02-12T03:54:38.080-05:00,2025-02-12T03:54:38.080-05:00,2025-11-03T19:58:28.355-05:00
C3741,787.02,1,787.02,3,2025-02-12T04:00:15.080-05:00,2025-02-12T04:00:15.080-05:00,2025-11-03T19:58:28.355-05:00
C6622,784.2,1,784.2,2,2025-02-12T03:55:03.080-05:00,2025-02-12T03:55:03.080-05:00,2025-11-03T19:58:28.355-05:00
C9235,778.38,1,778.38,2,2025-02-12T04:02:49.080-05:00,2025-02-12T04:02:49.080-05:00,2025-11-03T19:58:28.355-05:00
C3745,777.57,2,388.78,3,2025-02-12T03:51:37.080-05:00,2025-02-12T04:03:52.080-05:00,2025-11-03T19:58:28.355-05:00
C2122,777.16,2,388.58,4,2025-02-12T03:51:02.080-05:00,2025-02-12T03:51:02.080-05:00,2025-11-03T19:58:28.355-05:00
C2743,773.22,2,386.61,6,2025-02-12T03:57:14.080-05:00,2025-02-12T03:57:14.080-05:00,2025-11-03T19:58:28.355-05:00
C4277,772.72,2,386.36,8,2025-02-12T03:57:25.080-05:00,2025-02-12T03:57:25.080-05:00,2025-11-03T19:58:28.355-05:00
C6482,772.44,2,386.22,2,2025-02-12T04:04:28.080-05:00,2025-02-12T04:04:28.080-05:00,2025-11-03T19:58:28.355-05:00
C7703,771.46,1,771.46,2,2025-02-12T03:55:52.080-05:00,2025-02-12T03:55:52.080-05:00,2025-11-03T19:58:28.355-05:00
C5336,766.08,2,383.04,2,2025-02-12T04:03:40.080-05:00,2025-02-12T04:03:40.080-05:00,2025-11-03T19:58:28.355-05:00
C6733,762.68,2,381.34,2,2025-02-12T03:59:47.080-05:00,2025-02-12T03:59:47.080-05:00,2025-11-03T19:58:28.355-05:00
C8486,758.96,2,379.48,8,2025-02-12T03:51:07.080-05:00,2025-02-12T03:51:07.080-05:00,2025-11-03T19:58:28.355-05:00
C2393,754.56,1,754.56,3,2025-02-12T03:55:23.080-05:00,2025-02-12T03:55:23.080-05:00,2025-11-03T19:58:28.355-05:00
C9197,747.66,1,747.66,2,2025-02-12T04:02:17.080-05:00,2025-02-12T04:02:17.080-05:00,2025-11-03T19:58:28.355-05:00
C8915,747.45,1,747.45,3,2025-02-12T03:56:18.080-05:00,2025-02-12T03:56:18.080-05:00,2025-11-03T19:58:28.355-05:00
C9700,743.65,1,743.65,5,2025-02-12T04:00:23.080-05:00,2025-02-12T04:00:23.080-05:00,2025-11-03T19:58:28.355-05:00
C1393,726.24,2,363.12,6,2025-02-12T03:53:54.080-05:00,2025-02-12T03:53:54.080-05:00,2025-11-03T19:58:28.355-05:00
C6493,725.65,1,725.65,5,2025-02-12T03:58:18.080-05:00,2025-02-12T03:58:18.080-05:00,2025-11-03T19:58:28.355-05:00
C4675,724.71,1,724.71,3,2025-02-12T03:58:44.080-05:00,2025-02-12T03:58:44.080-05:00,2025-11-03T19:58:28.355-05:00
C7503,722.3,2,361.15,10,2025-02-12T03:54:36.080-05:00,2025-02-12T03:54:36.080-05:00,2025-11-03T19:58:28.355-05:00
C2330,720.08,2,360.04,4,2025-02-12T04:02:17.080-05:00,2025-02-12T04:02:17.080-05:00,2025-11-03T19:58:28.355-05:00
C2246,718.0,2,359.0,10,2025-02-12T04:01:01.080-05:00,2025-02-12T04:01:01.080-05:00,2025-11-03T19:58:28.355-05:00
C8085,718.0,1,718.0,2,2025-02-12T04:01:06.080-05:00,2025-02-12T04:01:06.080-05:00,2025-11-03T19:58:28.355-05:00
C8293,717.12,2,358.56,6,2025-02-12T03:56:58.080-05:00,2025-02-12T03:56:58.080-05:00,2025-11-03T19:58:28.355-05:00
C4629,715.85,1,715.85,5,2025-02-12T03:59:25.080-05:00,2025-02-12T03:59:25.080-05:00,2025-11-03T19:58:28.355-05:00
C7874,714.34,2,357.17,2,2025-02-12T03:50:46.080-05:00,2025-02-12T03:50:46.080-05:00,2025-11-03T19:58:28.355-05:00
C5574,712.5,3,237.5,6,2025-02-12T03:58:41.080-05:00,2025-02-12T03:58:41.080-05:00,2025-11-03T19:58:28.355-05:00
C5329,712.38,1,712.38,2,2025-02-12T04:00:10.080-05:00,2025-02-12T04:00:10.080-05:00,2025-11-03T19:58:28.355-05:00
C2537,711.63,3,237.21,9,2025-02-12T03:55:14.080-05:00,2025-02-12T03:55:14.080-05:00,2025-11-03T19:58:28.355-05:00
C6426,706.8,1,706.8,4,2025-02-12T04:03:26.080-05:00,2025-02-12T04:03:26.080-05:00,2025-11-03T19:58:28.355-05:00
C3437,705.6,2,352.8,2,2025-02-12T03:53:29.080-05:00,2025-02-12T03:53:29.080-05:00,2025-11-03T19:58:28.355-05:00
C3748,699.72,3,233.24,12,2025-02-12T04:05:18.080-05:00,2025-02-12T04:05:18.080-05:00,2025-11-03T19:58:28.355-05:00
C3290,692.76,1,692.76,3,2025-02-12T03:50:49.080-05:00,2025-02-12T03:50:49.080-05:00,2025-11-03T19:58:28.355-05:00
C8206,684.92,1,684.92,2,2025-02-12T04:04:28.080-05:00,2025-02-12T04:04:28.080-05:00,2025-11-03T19:58:28.355-05:00
C4643,684.68,1,684.68,4,2025-02-12T03:51:49.080-05:00,2025-02-12T03:51:49.080-05:00,2025-11-03T19:58:28.355-05:00
C8706,681.69,3,227.23,3,2025-02-12T04:04:04.080-05:00,2025-02-12T04:04:04.080-05:00,2025-11-03T19:58:28.355-05:00
C6468,681.28,1,681.28,2,2025-02-12T03:53:43.080-05:00,2025-02-12T03:53:43.080-05:00,2025-11-03T19:58:28.355-05:00
C5143,680.07,1,680.07,3,2025-02-12T04:03:56.080-05:00,2025-02-12T04:03:56.080-05:00,2025-11-03T19:58:28.355-05:00
C1846,677.4,1,677.4,5,2025-02-12T04:02:22.080-05:00,2025-02-12T04:02:22.080-05:00,2025-11-03T19:58:28.355-05:00
C7582,677.07,1,677.07,3,2025-02-12T04:03:46.080-05:00,2025-02-12T04:03:46.080-05:00,2025-11-03T19:58:28.355-05:00
C6942,671.82,1,671.82,2,2025-02-12T03:51:58.080-05:00,2025-02-12T03:51:58.080-05:00,2025-11-03T19:58:28.355-05:00
C6971,671.24,2,335.62,4,2025-02-12T03:50:47.080-05:00,2025-02-12T03:50:47.080-05:00,2025-11-03T19:58:28.355-05:00
C8571,671.1,2,335.55,2,2025-02-12T04:03:13.080-05:00,2025-02-12T04:03:13.080-05:00,2025-11-03T19:58:28.355-05:00
C4932,667.16,2,333.58,4,2025-02-12T04:02:30.080-05:00,2025-02-12T04:02:30.080-05:00,2025-11-03T19:58:28.355-05:00
C8381,666.81,1,666.81,3,2025-02-12T04:00:18.080-05:00,2025-02-12T04:00:18.080-05:00,2025-11-03T19:58:28.355-05:00
C4528,663.6,2,331.8,10,2025-02-12T04:04:06.080-05:00,2025-02-12T04:04:06.080-05:00,2025-11-03T19:58:28.355-05:00
C8050,661.7,1,661.7,2,2025-02-12T03:53:01.080-05:00,2025-02-12T03:53:01.080-05:00,2025-11-03T19:58:28.355-05:00
C9607,659.28,1,659.28,4,2025-02-12T03:55:07.080-05:00,2025-02-12T03:55:07.080-05:00,2025-11-03T19:58:28.355-05:00
C4857,654.32,2,327.16,2,2025-02-12T03:56:38.080-05:00,2025-02-12T03:56:38.080-05:00,2025-11-03T19:58:28.355-05:00
C9450,653.98,2,326.99,2,2025-02-12T03:56:53.080-05:00,2025-02-12T03:56:53.080-05:00,2025-11-03T19:58:28.355-05:00
C7744,649.88,2,324.94,4,2025-02-12T03:50:34.080-05:00,2025-02-12T03:50:34.080-05:00,2025-11-03T19:58:28.355-05:00
C2872,649.53,3,216.51,9,2025-02-12T04:01:09.080-05:00,2025-02-12T04:01:09.080-05:00,2025-11-03T19:58:28.355-05:00
C9276,648.84,1,648.84,3,2025-02-12T03:52:14.080-05:00,2025-02-12T03:52:14.080-05:00,2025-11-03T19:58:28.355-05:00
C4153,648.56,4,162.14,8,2025-02-12T03:58:46.080-05:00,2025-02-12T03:58:46.080-05:00,2025-11-03T19:58:28.355-05:00
C4500,641.86,1,641.86,2,2025-02-12T04:01:19.080-05:00,2025-02-12T04:01:19.080-05:00,2025-11-03T19:58:28.355-05:00
C8391,633.32,1,633.32,2,2025-02-12T04:03:02.080-05:00,2025-02-12T04:03:02.080-05:00,2025-11-03T19:58:28.355-05:00
C9906,632.64,2,316.32,8,2025-02-12T03:57:02.080-05:00,2025-02-12T03:57:02.080-05:00,2025-11-03T19:58:28.355-05:00
C6512,630.7,2,315.35,2,2025-02-12T03:53:14.080-05:00,2025-02-12T03:53:14.080-05:00,2025-11-03T19:58:28.355-05:00
C3919,630.4,2,315.2,10,2025-02-12T03:59:08.080-05:00,2025-02-12T03:59:08.080-05:00,2025-11-03T19:58:28.355-05:00
C3326,625.71,1,625.71,3,2025-02-12T03:52:44.080-05:00,2025-02-12T03:52:44.080-05:00,2025-11-03T19:58:28.355-05:00
C9178,625.05,1,625.05,3,2025-02-12T03:53:47.080-05:00,2025-02-12T03:53:47.080-05:00,2025-11-03T19:58:28.355-05:00
C7199,619.04,2,309.52,2,2025-02-12T04:03:08.080-05:00,2025-02-12T04:03:08.080-05:00,2025-11-03T19:58:28.355-05:00
C1115,612.36,3,204.12,12,2025-02-12T03:56:26.080-05:00,2025-02-12T03:56:26.080-05:00,2025-11-03T19:58:28.355-05:00
C5739,612.0,2,306.0,2,2025-02-12T04:02:02.080-05:00,2025-02-12T04:02:02.080-05:00,2025-11-03T19:58:28.355-05:00
C7734,604.6,1,604.6,2,2025-02-12T04:01:25.080-05:00,2025-02-12T04:01:25.080-05:00,2025-11-03T19:58:28.355-05:00
C7525,601.69,3,200.56,3,2025-02-12T03:54:36.080-05:00,2025-02-12T03:58:22.080-05:00,2025-11-03T19:58:28.355-05:00
C8130,600.8,2,300.4,10,2025-02-12T03:50:57.080-05:00,2025-02-12T03:50:57.080-05:00,2025-11-03T19:58:28.355-05:00
C6561,597.2,2,298.6,8,2025-02-12T03:56:19.080-05:00,2025-02-12T03:56:19.080-05:00,2025-11-03T19:58:28.355-05:00
C9170,591.22,1,591.22,2,2025-02-12T04:02:09.080-05:00,2025-02-12T04:02:09.080-05:00,2025-11-03T19:58:28.355-05:00
C5067,589.59,3,196.53,3,2025-02-12T03:55:05.080-05:00,2025-02-12T03:55:05.080-05:00,2025-11-03T19:58:28.355-05:00
C4134,589.32,1,589.32,2,2025-02-12T04:01:29.080-05:00,2025-02-12T04:01:29.080-05:00,2025-11-03T19:58:28.355-05:00
C4164,586.76,3,195.59,8,2025-02-12T03:53:37.080-05:00,2025-02-12T03:57:55.080-05:00,2025-11-03T19:58:28.355-05:00
C3998,578.16,1,578.16,3,2025-02-12T03:54:16.080-05:00,2025-02-12T03:54:16.080-05:00,2025-11-03T19:58:28.355-05:00
C5031,575.0,1,575.0,5,2025-02-12T04:01:00.080-05:00,2025-02-12T04:01:00.080-05:00,2025-11-03T19:58:28.355-05:00
C1167,570.2,1,570.2,4,2025-02-12T04:01:23.080-05:00,2025-02-12T04:01:23.080-05:00,2025-11-03T19:58:28.355-05:00
C6437,568.24,2,284.12,2,2025-02-12T03:54:32.080-05:00,2025-02-12T03:54:32.080-05:00,2025-11-03T19:58:28.355-05:00
C5310,564.48,2,282.24,4,2025-02-12T04:05:12.080-05:00,2025-02-12T04:05:12.080-05:00,2025-11-03T19:58:28.355-05:00
C3018,562.8,1,562.8,4,2025-02-12T04:01:45.080-05:00,2025-02-12T04:01:45.080-05:00,2025-11-03T19:58:28.355-05:00
C6607,556.9,2,278.45,2,2025-02-12T03:57:42.080-05:00,2025-02-12T03:57:42.080-05:00,2025-11-03T19:58:28.355-05:00
C6796,555.78,1,555.78,2,2025-02-12T03:57:45.080-05:00,2025-02-12T03:57:45.080-05:00,2025-11-03T19:58:28.355-05:00
C7994,555.2,1,555.2,2,2025-02-12T04:01:01.080-05:00,2025-02-12T04:01:01.080-05:00,2025-11-03T19:58:28.355-05:00
C5834,550.68,2,275.34,2,2025-02-12T03:53:00.080-05:00,2025-02-12T03:53:00.080-05:00,2025-11-03T19:58:28.355-05:00
C8904,547.7,2,273.85,10,2025-02-12T04:02:22.080-05:00,2025-02-12T04:02:22.080-05:00,2025-11-03T19:58:28.355-05:00
C6375,539.01,1,539.01,3,2025-02-12T03:50:42.080-05:00,2025-02-12T03:50:42.080-05:00,2025-11-03T19:58:28.355-05:00
C6116,534.84,2,267.42,2,2025-02-12T04:03:11.080-05:00,2025-02-12T04:03:11.080-05:00,2025-11-03T19:58:28.355-05:00
C5306,529.72,1,529.72,2,2025-02-12T03:57:27.080-05:00,2025-02-12T03:57:27.080-05:00,2025-11-03T19:58:28.355-05:00
C3628,528.68,2,264.34,4,2025-02-12T03:55:08.080-05:00,2025-02-12T03:55:08.080-05:00,2025-11-03T19:58:28.355-05:00
C9885,519.88,2,259.94,2,2025-02-12T04:02:27.080-05:00,2025-02-12T04:02:27.080-05:00,2025-11-03T19:58:28.355-05:00
C3967,510.12,1,510.12,2,2025-02-12T03:54:41.080-05:00,2025-02-12T03:54:41.080-05:00,2025-11-03T19:58:28.355-05:00
C9211,509.96,2,254.98,2,2025-02-12T03:55:22.080-05:00,2025-02-12T03:55:22.080-05:00,2025-11-03T19:58:28.355-05:00
C3821,509.68,2,254.84,8,2025-02-12T03:58:23.080-05:00,2025-02-12T03:58:23.080-05:00,2025-11-03T19:58:28.355-05:00
C2265,499.04,1,499.04,4,2025-02-12T03:57:22.080-05:00,2025-02-12T03:57:22.080-05:00,2025-11-03T19:58:28.355-05:00
C7046,498.7,1,498.7,1,2025-02-12T04:00:29.080-05:00,2025-02-12T04:00:29.080-05:00,2025-11-03T19:58:28.355-05:00
C5922,498.68,2,249.34,4,2025-02-12T03:57:16.080-05:00,2025-02-12T03:57:16.080-05:00,2025-11-03T19:58:28.355-05:00
C1430,494.1,1,494.1,2,2025-02-12T03:54:50.080-05:00,2025-02-12T03:54:50.080-05:00,2025-11-03T19:58:28.355-05:00
C4404,489.24,1,489.24,2,2025-02-12T03:57:34.080-05:00,2025-02-12T03:57:34.080-05:00,2025-11-03T19:58:28.355-05:00
C2179,487.34,2,243.67,2,2025-02-12T03:56:24.080-05:00,2025-02-12T03:56:24.080-05:00,2025-11-03T19:58:28.355-05:00
C7882,477.51,2,238.76,4,2025-02-12T03:50:39.080-05:00,2025-02-12T04:04:55.080-05:00,2025-11-03T19:58:28.355-05:00
C2439,477.03,1,477.03,3,2025-02-12T03:55:24.080-05:00,2025-02-12T03:55:24.080-05:00,2025-11-03T19:58:28.355-05:00
C6290,472.58,1,472.58,2,2025-02-12T04:03:13.080-05:00,2025-02-12T04:03:13.080-05:00,2025-11-03T19:58:28.355-05:00
C2266,470.4,2,235.2,4,2025-02-12T03:54:02.080-05:00,2025-02-12T03:54:02.080-05:00,2025-11-03T19:58:28.355-05:00
C7030,466.0,1,466.0,4,2025-02-12T03:57:55.080-05:00,2025-02-12T03:57:55.080-05:00,2025-11-03T19:58:28.355-05:00
C8997,465.7,2,232.85,2,2025-02-12T03:55:08.080-05:00,2025-02-12T03:55:08.080-05:00,2025-11-03T19:58:28.355-05:00
C1944,464.58,1,464.58,3,2025-02-12T03:57:19.080-05:00,2025-02-12T03:57:19.080-05:00,2025-11-03T19:58:28.355-05:00
C1775,462.54,1,462.54,2,2025-02-12T03:53:18.080-05:00,2025-02-12T03:53:18.080-05:00,2025-11-03T19:58:28.355-05:00
C3735,461.7,1,461.7,3,2025-02-12T04:03:28.080-05:00,2025-02-12T04:03:28.080-05:00,2025-11-03T19:58:28.355-05:00
C8266,460.56,2,230.28,8,2025-02-12T04:04:13.080-05:00,2025-02-12T04:04:13.080-05:00,2025-11-03T19:58:28.355-05:00
C8336,458.75,1,458.75,1,2025-02-12T03:56:52.080-05:00,2025-02-12T03:56:52.080-05:00,2025-11-03T19:58:28.355-05:00
C3655,454.84,1,454.84,2,2025-02-12T03:57:38.080-05:00,2025-02-12T03:57:38.080-05:00,2025-11-03T19:58:28.355-05:00
C1923,453.24,1,453.24,4,2025-02-12T03:54:28.080-05:00,2025-02-12T03:54:28.080-05:00,2025-11-03T19:58:28.355-05:00
C5577,451.64,1,451.64,2,2025-02-12T03:53:20.080-05:00,2025-02-12T03:53:20.080-05:00,2025-11-03T19:58:28.355-05:00
C8482,446.04,1,446.04,4,2025-02-12T04:03:29.080-05:00,2025-02-12T04:03:29.080-05:00,2025-11-03T19:58:28.355-05:00
C1549,445.39,2,222.7,5,2025-02-12T03:51:44.080-05:00,2025-02-12T03:53:49.080-05:00,2025-11-03T19:58:28.355-05:00
C5421,441.23,1,441.23,1,2025-02-12T03:51:09.080-05:00,2025-02-12T03:51:09.080-05:00,2025-11-03T19:58:28.355-05:00
C9933,438.63,1,438.63,1,2025-02-12T03:51:47.080-05:00,2025-02-12T03:51:47.080-05:00,2025-11-03T19:58:28.355-05:00
C4359,438.54,1,438.54,1,2025-02-12T03:50:38.080-05:00,2025-02-12T03:50:38.080-05:00,2025-11-03T19:58:28.355-05:00
C3052,436.94,1,436.94,1,2025-02-12T03:59:07.080-05:00,2025-02-12T03:59:07.080-05:00,2025-11-03T19:58:28.355-05:00
C5481,434.74,2,217.37,2,2025-02-12T04:02:41.080-05:00,2025-02-12T04:02:41.080-05:00,2025-11-03T19:58:28.355-05:00
C5911,429.11,1,429.11,1,2025-02-12T04:05:12.080-05:00,2025-02-12T04:05:12.080-05:00,2025-11-03T19:58:28.355-05:00
C1769,428.31,1,428.31,1,2025-02-12T03:59:48.080-05:00,2025-02-12T03:59:48.080-05:00,2025-11-03T19:58:28.355-05:00
C4808,427.34,1,427.34,2,2025-02-12T03:56:57.080-05:00,2025-02-12T03:56:57.080-05:00,2025-11-03T19:58:28.355-05:00
C4665,427.14,2,213.57,6,2025-02-12T04:01:58.080-05:00,2025-02-12T04:01:58.080-05:00,2025-11-03T19:58:28.355-05:00
C6945,426.57,1,426.57,3,2025-02-12T03:54:41.080-05:00,2025-02-12T03:54:41.080-05:00,2025-11-03T19:58:28.355-05:00
C4358,426.45,1,426.45,1,2025-02-12T03:56:59.080-05:00,2025-02-12T03:56:59.080-05:00,2025-11-03T19:58:28.355-05:00
C9551,424.74,1,424.74,2,2025-02-12T03:56:31.080-05:00,2025-02-12T03:56:31.080-05:00,2025-11-03T19:58:28.355-05:00
C5596,422.61,1,422.61,1,2025-02-12T03:54:22.080-05:00,2025-02-12T03:54:22.080-05:00,2025-11-03T19:58:28.355-05:00
C5236,422.28,2,211.14,4,2025-02-12T03:50:46.080-05:00,2025-02-12T03:50:46.080-05:00,2025-11-03T19:58:28.355-05:00
C6691,417.95,1,417.95,1,2025-02-12T04:01:56.080-05:00,2025-02-12T04:01:56.080-05:00,2025-11-03T19:58:28.355-05:00
C9358,416.7,1,416.7,2,2025-02-12T04:03:16.080-05:00,2025-02-12T04:03:16.080-05:00,2025-11-03T19:58:28.355-05:00
C6114,412.86,1,412.86,3,2025-02-12T04:05:23.080-05:00,2025-02-12T04:05:23.080-05:00,2025-11-03T19:58:28.355-05:00
C3303,409.02,1,409.02,3,2025-02-12T04:02:21.080-05:00,2025-02-12T04:02:21.080-05:00,2025-11-03T19:58:28.355-05:00
C1546,406.13,1,406.13,1,2025-02-12T03:54:43.080-05:00,2025-02-12T03:54:43.080-05:00,2025-11-03T19:58:28.355-05:00
C4551,405.1,1,405.1,1,2025-02-12T04:03:20.080-05:00,2025-02-12T04:03:20.080-05:00,2025-11-03T19:58:28.355-05:00
C7879,404.01,1,404.01,3,2025-02-12T04:04:04.080-05:00,2025-02-12T04:04:04.080-05:00,2025-11-03T19:58:28.355-05:00
C7087,400.53,1,400.53,3,2025-02-12T03:51:43.080-05:00,2025-02-12T03:51:43.080-05:00,2025-11-03T19:58:28.355-05:00
C7381,400.0,2,200.0,2,2025-02-12T04:00:10.080-05:00,2025-02-12T04:00:10.080-05:00,2025-11-03T19:58:28.355-05:00
C6265,395.37,3,131.79,9,2025-02-12T03:56:39.080-05:00,2025-02-12T03:56:39.080-05:00,2025-11-03T19:58:28.355-05:00
C8957,395.07,1,395.07,3,2025-02-12T04:05:05.080-05:00,2025-02-12T04:05:05.080-05:00,2025-11-03T19:58:28.355-05:00
C5117,393.76,2,196.88,4,2025-02-12T04:00:29.080-05:00,2025-02-12T04:00:29.080-05:00,2025-11-03T19:58:28.355-05:00
C5965,390.72,2,195.36,6,2025-02-12T03:51:56.080-05:00,2025-02-12T03:51:56.080-05:00,2025-11-03T19:58:28.355-05:00
C9516,381.5,1,381.5,5,2025-02-12T03:55:13.080-05:00,2025-02-12T03:55:13.080-05:00,2025-11-03T19:58:28.355-05:00
C6992,381.43,1,381.43,1,2025-02-12T03:51:12.080-05:00,2025-02-12T03:51:12.080-05:00,2025-11-03T19:58:28.355-05:00
C5879,379.32,2,189.66,2,2025-02-12T03:52:40.080-05:00,2025-02-12T03:52:40.080-05:00,2025-11-03T19:58:28.355-05:00
C7891,377.08,1,377.08,2,2025-02-12T04:02:10.080-05:00,2025-02-12T04:02:10.080-05:00,2025-11-03T19:58:28.355-05:00
C6356,375.0,1,375.0,5,2025-02-12T03:56:33.080-05:00,2025-02-12T03:56:33.080-05:00,2025-11-03T19:58:28.355-05:00
C6761,374.56,2,187.28,2,2025-02-12T03:58:34.080-05:00,2025-02-12T03:58:34.080-05:00,2025-11-03T19:58:28.355-05:00
C9827,371.08,1,371.08,4,2025-02-12T03:51:08.080-05:00,2025-02-12T03:51:08.080-05:00,2025-11-03T19:58:28.355-05:00
C7325,369.44,1,369.44,4,2025-02-12T03:53:02.080-05:00,2025-02-12T03:53:02.080-05:00,2025-11-03T19:58:28.355-05:00
C3929,367.89,3,122.63,3,2025-02-12T04:00:21.080-05:00,2025-02-12T04:00:21.080-05:00,2025-11-03T19:58:28.355-05:00
C7566,360.6,1,360.6,2,2025-02-12T03:56:59.080-05:00,2025-02-12T03:56:59.080-05:00,2025-11-03T19:58:28.355-05:00
C7869,355.44,1,355.44,1,2025-02-12T03:59:21.080-05:00,2025-02-12T03:59:21.080-05:00,2025-11-03T19:58:28.355-05:00
C4695,354.51,3,118.17,9,2025-02-12T03:58:17.080-05:00,2025-02-12T03:58:17.080-05:00,2025-11-03T19:58:28.355-05:00
C3528,354.46,1,354.46,1,2025-02-12T03:55:51.080-05:00,2025-02-12T03:55:51.080-05:00,2025-11-03T19:58:28.355-05:00
C5197,351.45,1,351.45,1,2025-02-12T03:57:21.080-05:00,2025-02-12T03:57:21.080-05:00,2025-11-03T19:58:28.355-05:00
C5285,350.07,1,350.07,1,2025-02-12T03:52:08.080-05:00,2025-02-12T03:52:08.080-05:00,2025-11-03T19:58:28.355-05:00
C7004,349.58,1,349.58,2,2025-02-12T03:50:55.080-05:00,2025-02-12T03:50:55.080-05:00,2025-11-03T19:58:28.355-05:00
C7957,347.22,1,347.22,1,2025-02-12T03:58:41.080-05:00,2025-02-12T03:58:41.080-05:00,2025-11-03T19:58:28.355-05:00
C7674,345.16,1,345.16,4,2025-02-12T03:54:32.080-05:00,2025-02-12T03:54:32.080-05:00,2025-11-03T19:58:28.355-05:00
C6456,343.76,1,343.76,4,2025-02-12T03:56:28.080-05:00,2025-02-12T03:56:28.080-05:00,2025-11-03T19:58:28.355-05:00
C8000,342.9,2,171.45,6,2025-02-12T04:00:58.080-05:00,2025-02-12T04:00:58.080-05:00,2025-11-03T19:58:28.355-05:00
C1789,341.64,1,341.64,3,2025-02-12T03:55:52.080-05:00,2025-02-12T03:55:52.080-05:00,2025-11-03T19:58:28.355-05:00
C7101,340.96,4,85.24,16,2025-02-12T03:54:37.080-05:00,2025-02-12T03:54:37.080-05:00,2025-11-03T19:58:28.355-05:00
C6629,338.7,1,338.7,1,2025-02-12T03:57:45.080-05:00,2025-02-12T03:57:45.080-05:00,2025-11-03T19:58:28.355-05:00
C3571,335.93,1,335.93,1,2025-02-12T04:03:26.080-05:00,2025-02-12T04:03:26.080-05:00,2025-11-03T19:58:28.355-05:00
C9327,334.18,1,334.18,1,2025-02-12T03:54:41.080-05:00,2025-02-12T03:54:41.080-05:00,2025-11-03T19:58:28.355-05:00
C2570,331.01,1,331.01,1,2025-02-12T04:02:46.080-05:00,2025-02-12T04:02:46.080-05:00,2025-11-03T19:58:28.355-05:00
C8365,325.99,1,325.99,1,2025-02-12T03:58:55.080-05:00,2025-02-12T03:58:55.080-05:00,2025-11-03T19:58:28.355-05:00
C8487,323.93,1,323.93,1,2025-02-12T03:52:02.080-05:00,2025-02-12T03:52:02.080-05:00,2025-11-03T19:58:28.355-05:00
C8688,322.2,1,322.2,3,2025-02-12T03:53:08.080-05:00,2025-02-12T03:53:08.080-05:00,2025-11-03T19:58:28.355-05:00
C7569,315.03,1,315.03,3,2025-02-12T03:57:27.080-05:00,2025-02-12T03:57:27.080-05:00,2025-11-03T19:58:28.355-05:00
C6393,313.38,2,156.69,2,2025-02-12T03:58:20.080-05:00,2025-02-12T03:58:20.080-05:00,2025-11-03T19:58:28.355-05:00
C7068,306.08,2,153.04,8,2025-02-12T04:02:17.080-05:00,2025-02-12T04:02:17.080-05:00,2025-11-03T19:58:28.355-05:00
C1009,303.43,1,303.43,1,2025-02-12T03:55:03.080-05:00,2025-02-12T03:55:03.080-05:00,2025-11-03T19:58:28.355-05:00
C4410,300.82,1,300.82,1,2025-02-12T04:01:20.080-05:00,2025-02-12T04:01:20.080-05:00,2025-11-03T19:58:28.355-05:00
C2224,298.05,1,298.05,5,2025-02-12T03:53:12.080-05:00,2025-02-12T03:53:12.080-05:00,2025-11-03T19:58:28.355-05:00
C8683,297.56,1,297.56,1,2025-02-12T03:56:48.080-05:00,2025-02-12T03:56:48.080-05:00,2025-11-03T19:58:28.355-05:00
C1317,296.12,1,296.12,4,2025-02-12T04:00:26.080-05:00,2025-02-12T04:00:26.080-05:00,2025-11-03T19:58:28.355-05:00
C7278,295.0,2,147.5,4,2025-02-12T04:02:09.080-05:00,2025-02-12T04:02:09.080-05:00,2025-11-03T19:58:28.355-05:00
C2618,292.94,1,292.94,1,2025-02-12T03:53:47.080-05:00,2025-02-12T03:53:47.080-05:00,2025-11-03T19:58:28.355-05:00
C4060,291.9,2,145.95,2,2025-02-12T03:51:41.080-05:00,2025-02-12T03:51:41.080-05:00,2025-11-03T19:58:28.355-05:00
C7915,290.04,3,96.68,3,2025-02-12T04:00:22.080-05:00,2025-02-12T04:00:22.080-05:00,2025-11-03T19:58:28.355-05:00
C9357,277.46,1,277.46,1,2025-02-12T03:54:36.080-05:00,2025-02-12T03:54:36.080-05:00,2025-11-03T19:58:28.355-05:00
C7338,276.21,3,92.07,3,2025-02-12T03:55:02.080-05:00,2025-02-12T03:55:02.080-05:00,2025-11-03T19:58:28.355-05:00
C2504,274.87,1,274.87,1,2025-02-12T03:52:28.080-05:00,2025-02-12T03:52:28.080-05:00,2025-11-03T19:58:28.355-05:00
C5899,268.19,1,268.19,1,2025-02-12T04:00:59.080-05:00,2025-02-12T04:00:59.080-05:00,2025-11-03T19:58:28.355-05:00
C2693,265.18,2,132.59,2,2025-02-12T04:03:04.080-05:00,2025-02-12T04:03:04.080-05:00,2025-11-03T19:58:28.355-05:00
C1378,265.14,2,132.57,6,2025-02-12T04:03:40.080-05:00,2025-02-12T04:03:40.080-05:00,2025-11-03T19:58:28.355-05:00
C1879,264.38,1,264.38,1,2025-02-12T03:55:50.080-05:00,2025-02-12T03:55:50.080-05:00,2025-11-03T19:58:28.355-05:00
C7395,263.32,1,263.32,1,2025-02-12T03:56:39.080-05:00,2025-02-12T03:56:39.080-05:00,2025-11-03T19:58:28.355-05:00
C3063,263.26,1,263.26,2,2025-02-12T04:05:01.080-05:00,2025-02-12T04:05:01.080-05:00,2025-11-03T19:58:28.355-05:00
C2715,262.25,1,262.25,5,2025-02-12T03:57:01.080-05:00,2025-02-12T03:57:01.080-05:00,2025-11-03T19:58:28.355-05:00
C1807,261.72,2,130.86,4,2025-02-12T04:04:04.080-05:00,2025-02-12T04:04:04.080-05:00,2025-11-03T19:58:28.355-05:00
C3940,259.42,1,259.42,1,2025-02-12T03:57:32.080-05:00,2025-02-12T03:57:32.080-05:00,2025-11-03T19:58:28.355-05:00
C1138,252.28,1,252.28,4,2025-02-12T03:54:20.080-05:00,2025-02-12T03:54:20.080-05:00,2025-11-03T19:58:28.355-05:00
C3510,252.26,1,252.26,1,2025-02-12T03:51:08.080-05:00,2025-02-12T03:51:08.080-05:00,2025-11-03T19:58:28.355-05:00
C1939,250.84,1,250.84,4,2025-02-12T03:53:26.080-05:00,2025-02-12T03:53:26.080-05:00,2025-11-03T19:58:28.355-05:00
C4878,250.8,2,125.4,2,2025-02-12T03:57:15.080-05:00,2025-02-12T03:57:15.080-05:00,2025-11-03T19:58:28.355-05:00
C5469,250.76,1,250.76,1,2025-02-12T04:01:08.080-05:00,2025-02-12T04:01:08.080-05:00,2025-11-03T19:58:28.355-05:00
C6837,244.61,1,244.61,1,2025-02-12T04:05:10.080-05:00,2025-02-12T04:05:10.080-05:00,2025-11-03T19:58:28.355-05:00
C6257,244.18,2,122.09,2,2025-02-12T04:00:40.080-05:00,2025-02-12T04:00:40.080-05:00,2025-11-03T19:58:28.355-05:00
C8726,244.12,1,244.12,4,2025-02-12T04:01:55.080-05:00,2025-02-12T04:01:55.080-05:00,2025-11-03T19:58:28.355-05:00
C9728,235.37,1,235.37,1,2025-02-12T04:04:25.080-05:00,2025-02-12T04:04:25.080-05:00,2025-11-03T19:58:28.355-05:00
C2036,233.56,1,233.56,4,2025-02-12T03:58:09.080-05:00,2025-02-12T03:58:09.080-05:00,2025-11-03T19:58:28.355-05:00
C5765,233.4,1,233.4,1,2025-02-12T04:05:21.080-05:00,2025-02-12T04:05:21.080-05:00,2025-11-03T19:58:28.355-05:00
C2893,229.86,1,229.86,2,2025-02-12T04:05:19.080-05:00,2025-02-12T04:05:19.080-05:00,2025-11-03T19:58:28.355-05:00
C2607,218.37,1,218.37,1,2025-02-12T03:58:03.080-05:00,2025-02-12T03:58:03.080-05:00,2025-11-03T19:58:28.355-05:00
C1057,206.07,1,206.07,3,2025-02-12T03:57:20.080-05:00,2025-02-12T03:57:20.080-05:00,2025-11-03T19:58:28.355-05:00
C2647,204.64,1,204.64,1,2025-02-12T03:54:36.080-05:00,2025-02-12T03:54:36.080-05:00,2025-11-03T19:58:28.355-05:00
C7711,202.1,2,101.05,2,2025-02-12T04:04:58.080-05:00,2025-02-12T04:04:58.080-05:00,2025-11-03T19:58:28.355-05:00
C8901,201.74,2,100.87,3,2025-02-12T03:55:13.080-05:00,2025-02-12T03:59:12.080-05:00,2025-11-03T19:58:28.355-05:00
C6219,198.8,1,198.8,2,2025-02-12T03:58:13.080-05:00,2025-02-12T03:58:13.080-05:00,2025-11-03T19:58:28.355-05:00
C9458,192.03,1,192.03,3,2025-02-12T04:03:17.080-05:00,2025-02-12T04:03:17.080-05:00,2025-11-03T19:58:28.355-05:00
C6249,187.79,1,187.79,1,2025-02-12T04:04:34.080-05:00,2025-02-12T04:04:34.080-05:00,2025-11-03T19:58:28.355-05:00
C3573,187.12,2,93.56,8,2025-02-12T03:58:35.080-05:00,2025-02-12T03:58:35.080-05:00,2025-11-03T19:58:28.355-05:00
C2101,177.66,1,177.66,3,2025-02-12T03:53:53.080-05:00,2025-02-12T03:53:53.080-05:00,2025-11-03T19:58:28.355-05:00
C5873,167.9,1,167.9,5,2025-02-12T04:00:05.080-05:00,2025-02-12T04:00:05.080-05:00,2025-11-03T19:58:28.355-05:00
C9183,167.28,2,83.64,8,2025-02-12T03:57:09.080-05:00,2025-02-12T03:57:09.080-05:00,2025-11-03T19:58:28.355-05:00
C3002,166.14,2,83.07,6,2025-02-12T03:57:57.080-05:00,2025-02-12T03:57:57.080-05:00,2025-11-03T19:58:28.355-05:00
C3201,164.61,1,164.61,1,2025-02-12T04:05:15.080-05:00,2025-02-12T04:05:15.080-05:00,2025-11-03T19:58:28.355-05:00
C9620,162.07,1,162.07,1,2025-02-12T03:51:37.080-05:00,2025-02-12T03:51:37.080-05:00,2025-11-03T19:58:28.355-05:00
C2847,155.69,1,155.69,1,2025-02-12T03:59:54.080-05:00,2025-02-12T03:59:54.080-05:00,2025-11-03T19:58:28.355-05:00
C1729,155.35,1,155.35,5,2025-02-12T04:01:56.080-05:00,2025-02-12T04:01:56.080-05:00,2025-11-03T19:58:28.355-05:00
C2790,155.3,1,155.3,2,2025-02-12T03:52:33.080-05:00,2025-02-12T03:52:33.080-05:00,2025-11-03T19:58:28.355-05:00
C6620,154.5,1,154.5,1,2025-02-12T03:57:06.080-05:00,2025-02-12T03:57:06.080-05:00,2025-11-03T19:58:28.355-05:00
C3265,154.26,1,154.26,1,2025-02-12T03:59:51.080-05:00,2025-02-12T03:59:51.080-05:00,2025-11-03T19:58:28.355-05:00
C5050,149.86,1,149.86,2,2025-02-12T03:52:37.080-05:00,2025-02-12T03:52:37.080-05:00,2025-11-03T19:58:28.355-05:00
C7115,147.3,2,73.65,6,2025-02-12T04:01:33.080-05:00,2025-02-12T04:01:33.080-05:00,2025-11-03T19:58:28.355-05:00
C9325,146.16,1,146.16,1,2025-02-12T04:01:17.080-05:00,2025-02-12T04:01:17.080-05:00,2025-11-03T19:58:28.355-05:00
C2496,144.87,1,144.87,1,2025-02-12T03:57:27.080-05:00,2025-02-12T03:57:27.080-05:00,2025-11-03T19:58:28.355-05:00
C8038,139.6,2,69.8,10,2025-02-12T04:00:49.080-05:00,2025-02-12T04:00:49.080-05:00,2025-11-03T19:58:28.355-05:00
C4121,130.56,1,130.56,3,2025-02-12T04:05:18.080-05:00,2025-02-12T04:05:18.080-05:00,2025-11-03T19:58:28.355-05:00
C4560,123.16,1,123.16,4,2025-02-12T03:53:36.080-05:00,2025-02-12T03:53:36.080-05:00,2025-11-03T19:58:28.355-05:00
C9302,122.44,1,122.44,1,2025-02-12T04:04:28.080-05:00,2025-02-12T04:04:28.080-05:00,2025-11-03T19:58:28.355-05:00
C7086,120.96,1,120.96,3,2025-02-12T04:02:21.080-05:00,2025-02-12T04:02:21.080-05:00,2025-11-03T19:58:28.355-05:00
C7930,119.87,1,119.87,1,2025-02-12T03:54:16.080-05:00,2025-02-12T03:54:16.080-05:00,2025-11-03T19:58:28.355-05:00
C8383,118.12,1,118.12,4,2025-02-12T04:04:36.080-05:00,2025-02-12T04:04:36.080-05:00,2025-11-03T19:58:28.355-05:00
C7560,115.47,1,115.47,1,2025-02-12T04:01:17.080-05:00,2025-02-12T04:01:17.080-05:00,2025-11-03T19:58:28.355-05:00
C4843,114.67,1,114.67,1,2025-02-12T04:03:24.080-05:00,2025-02-12T04:03:24.080-05:00,2025-11-03T19:58:28.355-05:00
C2084,112.46,1,112.46,2,2025-02-12T03:54:56.080-05:00,2025-02-12T03:54:56.080-05:00,2025-11-03T19:58:28.355-05:00
C2605,112.28,1,112.28,2,2025-02-12T03:59:55.080-05:00,2025-02-12T03:59:55.080-05:00,2025-11-03T19:58:28.355-05:00
C2866,111.16,1,111.16,1,2025-02-12T03:52:42.080-05:00,2025-02-12T03:52:42.080-05:00,2025-11-03T19:58:28.355-05:00
C7684,107.25,1,107.25,1,2025-02-12T04:05:16.080-05:00,2025-02-12T04:05:16.080-05:00,2025-11-03T19:58:28.355-05:00
C2016,100.2,2,50.1,10,2025-02-12T03:55:33.080-05:00,2025-02-12T03:55:33.080-05:00,2025-11-03T19:58:28.355-05:00
C1857,96.24,1,96.24,1,2025-02-12T04:00:59.080-05:00,2025-02-12T04:00:59.080-05:00,2025-11-03T19:58:28.355-05:00
C2637,96.06,1,96.06,3,2025-02-12T04:04:36.080-05:00,2025-02-12T04:04:36.080-05:00,2025-11-03T19:58:28.355-05:00
C7055,94.5,1,94.5,1,2025-02-12T03:53:10.080-05:00,2025-02-12T03:53:10.080-05:00,2025-11-03T19:58:28.355-05:00
C6088,91.14,2,45.57,6,2025-02-12T04:00:01.080-05:00,2025-02-12T04:00:01.080-05:00,2025-11-03T19:58:28.355-05:00
C9884,90.06,1,90.06,3,2025-02-12T03:50:44.080-05:00,2025-02-12T03:50:44.080-05:00,2025-11-03T19:58:28.355-05:00
C1423,89.42,1,89.42,2,2025-02-12T04:04:36.080-05:00,2025-02-12T04:04:36.080-05:00,2025-11-03T19:58:28.355-05:00
C2973,81.0,1,81.0,5,2025-02-12T03:55:21.080-05:00,2025-02-12T03:55:21.080-05:00,2025-11-03T19:58:28.355-05:00
C9090,80.97,1,80.97,3,2025-02-12T04:02:44.080-05:00,2025-02-12T04:02:44.080-05:00,2025-11-03T19:58:28.355-05:00
C1573,80.01,1,80.01,3,2025-02-12T03:55:21.080-05:00,2025-02-12T03:55:21.080-05:00,2025-11-03T19:58:28.355-05:00
C5904,77.04,3,25.68,6,2025-02-12T03:55:39.080-05:00,2025-02-12T03:55:39.080-05:00,2025-11-03T19:58:28.355-05:00
C7301,75.57,1,75.57,3,2025-02-12T03:51:36.080-05:00,2025-02-12T03:51:36.080-05:00,2025-11-03T19:58:28.355-05:00
C6350,73.4,1,73.4,4,2025-02-12T03:51:00.080-05:00,2025-02-12T03:51:00.080-05:00,2025-11-03T19:58:28.355-05:00
C9246,69.88,1,69.88,2,2025-02-12T03:52:50.080-05:00,2025-02-12T03:52:50.080-05:00,2025-11-03T19:58:28.355-05:00
C1880,62.3,2,31.15,10,2025-02-12T03:50:38.080-05:00,2025-02-12T03:50:38.080-05:00,2025-11-03T19:58:28.355-05:00
C9633,62.02,1,62.02,1,2025-02-12T03:56:25.080-05:00,2025-02-12T03:56:25.080-05:00,2025-11-03T19:58:28.355-05:00
C9727,53.0,1,53.0,4,2025-02-12T04:03:43.080-05:00,2025-02-12T04:03:43.080-05:00,2025-11-03T19:58:28.355-05:00
C6105,51.5,2,25.75,10,2025-02-12T03:57:14.080-05:00,2025-02-12T03:57:14.080-05:00,2025-11-03T19:58:28.355-05:00
C1798,51.19,1,51.19,1,2025-02-12T04:03:09.080-05:00,2025-02-12T04:03:09.080-05:00,2025-11-03T19:58:28.355-05:00
C6450,49.28,1,49.28,4,2025-02-12T03:58:20.080-05:00,2025-02-12T03:58:20.080-05:00,2025-11-03T19:58:28.355-05:00
C2839,46.56,2,23.28,8,2025-02-12T04:03:06.080-05:00,2025-02-12T04:03:06.080-05:00,2025-11-03T19:58:28.355-05:00
C9226,40.74,1,40.74,3,2025-02-12T03:54:25.080-05:00,2025-02-12T03:54:25.080-05:00,2025-11-03T19:58:28.355-05:00
C8313,39.98,2,19.99,2,2025-02-12T03:59:59.080-05:00,2025-02-12T03:59:59.080-05:00,2025-11-03T19:58:28.355-05:00
C6757,39.78,1,39.78,3,2025-02-12T03:50:26.080-05:00,2025-02-12T03:50:26.080-05:00,2025-11-03T19:58:28.355-05:00
C9070,35.72,1,35.72,4,2025-02-12T04:03:08.080-05:00,2025-02-12T04:03:08.080-05:00,2025-11-03T19:58:28.355-05:00
C6876,35.62,1,35.62,1,2025-02-12T03:52:51.080-05:00,2025-02-12T03:52:51.080-05:00,2025-11-03T19:58:28.355-05:00
C7795,30.84,1,30.84,3,2025-02-12T03:56:24.080-05:00,2025-02-12T03:56:24.080-05:00,2025-11-03T19:58:28.355-05:00
C7844,30.54,2,15.27,2,2025-02-12T03:55:23.080-05:00,2025-02-12T03:55:23.080-05:00,2025-11-03T19:58:28.355-05:00
C7568,25.32,1,25.32,1,2025-02-12T03:54:17.080-05:00,2025-02-12T03:54:17.080-05:00,2025-11-03T19:58:28.355-05:00
C5802,25.1,1,25.1,2,2025-02-12T03:54:38.080-05:00,2025-02-12T03:54:38.080-05:00,2025-11-03T19:58:28.355-05:00
C7481,23.3,2,11.65,2,2025-02-12T03:52:48.080-05:00,2025-02-12T03:52:48.080-05:00,2025-11-03T19:58:28.355-05:00
C2467,18.54,1,18.54,2,2025-02-12T03:52:56.080-05:00,2025-02-12T03:52:56.080-05:00,2025-11-03T19:58:28.355-05:00
C4756,16.94,2,8.47,2,2025-02-12T03:57:31.080-05:00,2025-02-12T03:57:31.080-05:00,2025-11-03T19:58:28.355-05:00
C3632,15.26,1,15.26,2,2025-02-12T03:56:57.080-05:00,2025-02-12T03:56:57.080-05:00,2025-11-03T19:58:28.355-05:00
C8188,12.2,1,12.2,2,2025-02-12T04:04:38.080-05:00,2025-02-12T04:04:38.080-05:00,2025-11-03T19:58:28.355-05:00
